{"batchcomplete":[""],"query":{"searchinfo":{"totalhits":[86]},"search":[{"ns":0,"title":"Společnost","pageid":257528,"size":1456,"wordcount":142,"snippet":"anglické Wikipedii. PETRUSEK, Miroslav. Společnost [online]. <span class=\"searchmatch\">Sociologická<\/span> <span class=\"searchmatch\">encyklopedie<\/span>, Sociologický ústav Akademie věd České republiky. Dostupné online","timestamp":"2020-03-21T01:54:53Z"},{"ns":0,"title":"Dělnická třída","pageid":258087,"size":1288,"wordcount":82,"snippet":"Autoritní data: GND: 4068799-5 ŠANDEROVÁ, Jadwiga. Třída dělnická - <span class=\"searchmatch\">Sociologická<\/span> <span class=\"searchmatch\">encyklopedie<\/span> [online]. Sociologický ústav Akademie věd České republiky [cit","timestamp":"2020-06-30T21:23:19Z"},{"ns":0,"title":"Ženská práva","pageid":623100,"size":3384,"wordcount":280,"snippet":"Ženské práva na slovenské Wikipedii. NEŠPOR, Zdeněk R. a kol., ed. <span class=\"searchmatch\">Sociologická<\/span> <span class=\"searchmatch\">encyklopedie<\/span> [online]. [Praha]: Sociologický ústav AV ČR, 2018 [cit. 10. 2","timestamp":"2020-05-04T09:35:11Z"},{"ns":0,"title":"Jan Řehák","pageid":1452518,"size":6471,"wordcount":777,"snippet":"spoluautorkami I.Bártovou a J. Hamanovou) VEČERNÍK, Jiří. Řehák Jan. <span class=\"searchmatch\">Sociologická<\/span> <span class=\"searchmatch\">encyklopedie<\/span> [online]. [cit. 2018-11-27]. Dostupné z: https://encyklopedie","timestamp":"2020-06-17T05:14:45Z"},{"ns":0,"title":"Ghetto","pageid":64000,"size":4350,"wordcount":418,"snippet":"převážně romským obyvatelstvem.[zdroj?] MUCHA, Ivan. Ghetto - <span class=\"searchmatch\">Sociologická<\/span> <span class=\"searchmatch\">encyklopedie<\/span> [online]. Sociologický ústav Akademie věd České republiky [cit","timestamp":"2020-06-24T10:39:05Z"},{"ns":0,"title":"Pietismus","pageid":50448,"size":4396,"wordcount":358,"snippet":"org [online]. [cit. 2019-04-22]. Dostupné online.  Pietismus – <span class=\"searchmatch\">Sociologická<\/span> <span class=\"searchmatch\">encyklopedie<\/span>. encyklopedie.soc.cas.cz [online]. [cit. 2019-04-22]. Dostupné","timestamp":"2020-04-08T10:32:38Z"},{"ns":0,"title":"Privilegium","pageid":298785,"size":3637,"wordcount":324,"snippet":"primárně na osobní úrovni. KELLER, Jan. Privilegium [online]. <span class=\"searchmatch\">Sociologická<\/span> <span class=\"searchmatch\">encyklopedie<\/span>, Sociologický ústav Akademie věd České republiky. Dostupné online","timestamp":"2020-06-05T15:58:28Z"},{"ns":0,"title":"Instituce","pageid":247494,"size":5418,"wordcount":558,"snippet":"Philosophie. Basel 1981nn. Heslo Institution. Sv. 4, sl. 418. <span class=\"searchmatch\">Sociologická<\/span> <span class=\"searchmatch\">encyklopedie<\/span> Obrázky, zvuky či videa k tématu instituce ve Wikimedia Commons","timestamp":"2020-04-08T08:29:49Z"},{"ns":0,"title":"Amatér","pageid":10354,"size":3453,"wordcount":363,"snippet":" 44. ISBN 80-200-0607-9. SUDA, Zdeněk. Profesionalizace. In: <span class=\"searchmatch\">Sociologická<\/span> <span class=\"searchmatch\">encyklopedie<\/span> [online]. 11. 12. 2017 v 17:03 [cit. 27. 12. 2018]. Dostupné z:","timestamp":"2020-06-05T12:15:48Z"},{"ns":0,"title":"Venkov","pageid":150841,"size":5873,"wordcount":548,"snippet":"nakladatelství Era v roce 2004). HUDEČKOVÁ, Helena. Venkov - <span class=\"searchmatch\">Sociologická<\/span> <span class=\"searchmatch\">encyklopedie<\/span> [online]. Sociologický ústav Akademie věd České republiky [cit","timestamp":"2020-06-24T10:22:27Z"},{"ns":0,"title":"Technologický determinismus","pageid":1283997,"size":4170,"wordcount":396,"snippet":"802461684X. OCLC 641494854 S. 44.  Determinismus ekonomický – <span class=\"searchmatch\">Sociologická<\/span> <span class=\"searchmatch\">encyklopedie<\/span>. encyklopedie.soc.cas.cz [online]. [cit. 2019-05-04]. Dostupné","timestamp":"2019-10-12T16:40:16Z"},{"ns":0,"title":"Konfiguracionismus","pageid":1452852,"size":7002,"wordcount":747,"snippet":"témat. <span class=\"searchmatch\">Sociologická<\/span> <span class=\"searchmatch\">encyklopedie<\/span> [online]. Sociologický ústav AV ČR, v.v.i., 1. 2. 2018 [cit. 2018-11-20]. Dostupné online.  <span class=\"searchmatch\">Sociologická<\/span> <span class=\"searchmatch\">encyklopedie<\/span> [online]","timestamp":"2019-01-08T19:57:46Z"},{"ns":0,"title":"Vasil Kaprálek Škrach","pageid":1594435,"size":2540,"wordcount":209,"snippet":"roce 1943 popraven. NEŠPOR, Zdeněk R. Škrach Vasil Kaprálek. <span class=\"searchmatch\">Sociologická<\/span> <span class=\"searchmatch\">encyklopedie<\/span> [online]. [cit. 2020-05-09]. Dostupné online.  NAVRÁTIL, Josef:","timestamp":"2020-08-16T22:27:04Z"},{"ns":0,"title":"Jelena Osipovová","pageid":1313086,"size":3914,"wordcount":275,"snippet":"В. (общ. ред.) Российская социологическая энциклопедия (Ruská <span class=\"searchmatch\">sociologická<\/span> <span class=\"searchmatch\">encyklopedie<\/span>). М., Норма-Инфра-М, —1998. — 672 с. Осипова, Елена Владимировна","timestamp":"2020-06-22T08:22:34Z"},{"ns":0,"title":"Sociologie venkova","pageid":1541488,"size":7294,"wordcount":688,"snippet":"<span class=\"searchmatch\">Sociologická<\/span> <span class=\"searchmatch\">encyklopedie<\/span>. encyklopedie.soc.cas.cz [online]. [cit. 2019-11-28]. Dostupné online.  Sociologie zemědělství – <span class=\"searchmatch\">Sociologická<\/span> <span class=\"searchmatch\">encyklopedie<\/span>.","timestamp":"2019-11-29T11:34:14Z"},{"ns":0,"title":"Glasnosť","pageid":137056,"size":5197,"wordcount":492,"snippet":"porážka moskevského puče v srpnu 1991. BAYER, Ivo. Glasnosť – <span class=\"searchmatch\">Sociologická<\/span> <span class=\"searchmatch\">encyklopedie<\/span>. encyklopedie.soc.cas.cz [online]. [cit. 2020-06-27]. Dostupné","timestamp":"2020-06-27T11:53:16Z"},{"ns":0,"title":"Filosofický časopis","pageid":700823,"size":3069,"wordcount":222,"snippet":"cz/fil/scf/komplet/casop.html NEŠPOR, Zdeněk R. Filosofický časopis - <span class=\"searchmatch\">Sociologická<\/span> <span class=\"searchmatch\">encyklopedie<\/span> [online]. Sociologický ústav Akademie věd České republiky [cit","timestamp":"2020-08-12T17:38:24Z"},{"ns":0,"title":"Česká akademie věd a umění","pageid":288160,"size":8377,"wordcount":842,"snippet":"součástí ČSAV). NEŠPOR, Zdeněk R. Česká akademie věd a umění - <span class=\"searchmatch\">Sociologická<\/span> <span class=\"searchmatch\">encyklopedie<\/span> [online]. Sociologický ústav Akademie věd České republiky [cit","timestamp":"2020-06-25T13:27:55Z"},{"ns":0,"title":"Lubomír Brokl","pageid":1541483,"size":8271,"wordcount":694,"snippet":"Evou Broklovou (1939–2020). <span class=\"searchmatch\">Sociologická<\/span> <span class=\"searchmatch\">encyklopedie<\/span> [online]. [cit. 2019-12-03]. Dostupné online.  <span class=\"searchmatch\">Sociologická<\/span> <span class=\"searchmatch\">encyklopedie<\/span> [online]. [cit. 2019-12-03]","timestamp":"2020-04-09T16:30:37Z"},{"ns":0,"title":"Resocializace","pageid":313846,"size":1550,"wordcount":149,"snippet":"navrací zpět do společnosti. MARKUSOVÁ, Renata. Resocializace - <span class=\"searchmatch\">Sociologická<\/span> <span class=\"searchmatch\">encyklopedie<\/span> [online]. Sociologický ústav Akademie věd České republiky [cit","timestamp":"2020-06-24T10:34:27Z"},{"ns":0,"title":"Civilizace","pageid":90966,"size":12480,"wordcount":1305,"snippet":"cz/wp-content/uploads/Civilizace-v-dejinach-a-dnes.pdf Civilizace – <span class=\"searchmatch\">Sociologická<\/span> <span class=\"searchmatch\">encyklopedie<\/span>. encyklopedie.soc.cas.cz [online]. [cit. 2020-06-11]. Dostupné","timestamp":"2020-06-11T19:19:31Z"},{"ns":0,"title":"Bratrstvo","pageid":1003860,"size":4449,"wordcount":484,"snippet":"univerzitní fraternity a sorority v USA. MUCHA, Ivan. Bratrstvo - <span class=\"searchmatch\">Sociologická<\/span> <span class=\"searchmatch\">encyklopedie<\/span> [online]. Sociologický ústav Akademie věd České republiky [cit","timestamp":"2020-06-24T10:31:11Z"},{"ns":0,"title":"Globalistika","pageid":902172,"size":1237,"wordcount":127,"snippet":"zaostalosti – překonání kontrastů mezi rozvojovými a vyspělými zeměmi <span class=\"searchmatch\">Sociologická<\/span> <span class=\"searchmatch\">encyklopedie<\/span>: Globalistika Globalizace Globální výchova Vědění a učení v globalizovaném","timestamp":"2020-06-06T13:23:55Z"},{"ns":0,"title":"Wiki","pageid":4778,"size":20465,"wordcount":2166,"snippet":"dalších wikiprojektů na ČVUT) tematické nebo odborné (například <span class=\"searchmatch\">Sociologická<\/span> <span class=\"searchmatch\">encyklopedie<\/span>, právnická encyklopedie Iuridictum, liberecký univerzitní projekt","timestamp":"2020-07-12T08:23:25Z"},{"ns":0,"title":"Ostrakismus","pageid":26378,"size":7861,"wordcount":988,"snippet":"Římanů I. Praha, Odeon, 1967, 836 s. TOMEK, Ivan. Ostrakismus - <span class=\"searchmatch\">Sociologická<\/span> <span class=\"searchmatch\">encyklopedie<\/span> [online]. Sociologický ústav Akademie věd České republiky [cit","timestamp":"2020-08-13T22:16:15Z"},{"ns":0,"title":"Jiří Musil (sociolog)","pageid":256073,"size":3709,"wordcount":298,"snippet":"sociologie bylo 84 let, Aktuálně.cz VODÁKOVÁ, Olga. Musil Jiří - <span class=\"searchmatch\">Sociologická<\/span> <span class=\"searchmatch\">encyklopedie<\/span> [online]. Sociologický ústav Akademie věd České republiky [cit","timestamp":"2020-07-20T18:00:05Z"},{"ns":0,"title":"Strukturální antropologie","pageid":1452713,"size":7435,"wordcount":780,"snippet":"změní jeden prvek, následkem je řetěz změn i v ostatních prvcích (<span class=\"searchmatch\">Sociologická<\/span> <span class=\"searchmatch\">encyklopedie<\/span>). Vše podle Lévi-Strausse souvisí se vším. Na příkladech různých","timestamp":"2020-06-08T10:35:59Z"},{"ns":0,"title":"Sociální rovnost","pageid":1576586,"size":2324,"wordcount":181,"snippet":"všechny zmíněné formy. SEDLÁČEK, Jan. Rovnost sociální [online]. <span class=\"searchmatch\">Sociologická<\/span> <span class=\"searchmatch\">encyklopedie<\/span>, Sociologický ústav Akademie věd České republiky. Dostupné online","timestamp":"2020-03-20T17:31:09Z"},{"ns":0,"title":"Průmysl volného času","pageid":1103967,"size":771,"wordcount":60,"snippet":"ruch, turistika, rekreace, pohostinství) a sportovní průmysl. <span class=\"searchmatch\">Sociologická<\/span> <span class=\"searchmatch\">encyklopedie<\/span>: Průmysl volného času [online]. Sociologický ústav AV ČR [cit","timestamp":"2020-05-29T19:09:15Z"},{"ns":0,"title":"Dialektický materialismus","pageid":210625,"size":7368,"wordcount":512,"snippet":" G. Spirkinem a M. N. Rutkevičem. Materialusmus dialektický - <span class=\"searchmatch\">Sociologická<\/span> <span class=\"searchmatch\">encyklopedie<\/span> KONSTANTINOV, F. V., a autorský kolektiv v tomto složení: T. I","timestamp":"2020-08-01T17:01:29Z"},{"ns":0,"title":"Enkulturace","pageid":10315,"size":1889,"wordcount":163,"snippet":"bytost společenskou a kulturní SOUKUP, Václav. Enkulturace - <span class=\"searchmatch\">Sociologická<\/span> <span class=\"searchmatch\">encyklopedie<\/span> [online]. Sociologický ústav Akademie věd České republiky [cit","timestamp":"2020-06-25T15:03:31Z"},{"ns":0,"title":"Jiří Kabele","pageid":261236,"size":3994,"wordcount":357,"snippet":"2008. ISBN 978-80-7239-213-1.  VOŘÍŠEK, Michael. Kabele Jiří - <span class=\"searchmatch\">Sociologická<\/span> <span class=\"searchmatch\">encyklopedie<\/span> [online]. Sociologický ústav Akademie věd České republiky [cit","timestamp":"2020-06-24T11:27:09Z"},{"ns":0,"title":"Výzkumný ústav práce a sociálních věcí","pageid":1126296,"size":1939,"wordcount":115,"snippet":"cast=69748 NEŠPOR, Zdeněk R. Výzkumný ústav práce a sociálních věcí - <span class=\"searchmatch\">Sociologická<\/span> <span class=\"searchmatch\">encyklopedie<\/span> [online]. Sociologický ústav Akademie věd České republiky [cit","timestamp":"2020-06-24T11:41:15Z"},{"ns":0,"title":"Grantová agentura České republiky","pageid":386150,"size":10609,"wordcount":1115,"snippet":"a Rakouskem. NEŠPOR, Zdeněk R. Grantová agentura České republiky - <span class=\"searchmatch\">Sociologická<\/span> <span class=\"searchmatch\">encyklopedie<\/span> [online]. Sociologický ústav Akademie věd České republiky [cit","timestamp":"2020-06-25T13:50:53Z"},{"ns":0,"title":"Frankfurtská škola","pageid":15355,"size":13079,"wordcount":1396,"snippet":"0023-4834. DOI:10.5771/0023-4834-1976-2-175.  Škola frankfurtská – <span class=\"searchmatch\">Sociologická<\/span> <span class=\"searchmatch\">encyklopedie<\/span>. encyklopedie.soc.cas.cz [online]. [cit. 2019-12-02]. Dostupné","timestamp":"2020-06-06T11:34:10Z"},{"ns":0,"title":"Ústav vědeckého ateismu ČSAV","pageid":619203,"size":2931,"wordcount":239,"snippet":"dětí; sv. 51) NEŠPOR, Zdeněk R. Ústav vědeckého ateismu ČSAV - <span class=\"searchmatch\">Sociologická<\/span> <span class=\"searchmatch\">encyklopedie<\/span> [online]. Sociologický ústav Akademie věd České republiky [cit","timestamp":"2020-06-24T11:40:10Z"},{"ns":0,"title":"Jan Keller","pageid":8093,"size":17685,"wordcount":1508,"snippet":"studií Masarykovy univerzity, 2004. JANÁK, Dušan. Keller Jan - <span class=\"searchmatch\">Sociologická<\/span> <span class=\"searchmatch\">encyklopedie<\/span> [online]. Sociologický ústav Akademie věd České republiky [cit","timestamp":"2020-07-12T09:04:50Z"},{"ns":0,"title":"Autorita","pageid":193688,"size":15938,"wordcount":1775,"snippet":"ochotno dojít až k horní hranici 450 voltů. PETRUSEK, Miroslav. <span class=\"searchmatch\">Sociologická<\/span> <span class=\"searchmatch\">encyklopedie<\/span> - Autorita [online]. [cit. 2019-12-20]. Dostupné online.  Arendt","timestamp":"2020-06-15T16:19:16Z"},{"ns":0,"title":"Melting pot","pageid":524402,"size":2206,"wordcount":211,"snippet":"avšak zároveň zůstávají odlišné. KREJČÍ, Jaroslav. Melting pot - <span class=\"searchmatch\">Sociologická<\/span> <span class=\"searchmatch\">encyklopedie<\/span> [online]. Sociologický ústav Akademie věd České republiky [cit","timestamp":"2020-06-24T10:28:20Z"},{"ns":0,"title":"Etnologický ústav Akademie věd České republiky","pageid":1479090,"size":2759,"wordcount":311,"snippet":"Národních autoritách NK ČR. NEŠPOR, Zdeněk R. Etnologický ústav - <span class=\"searchmatch\">Sociologická<\/span> <span class=\"searchmatch\">encyklopedie<\/span> [online]. Sociologický ústav Akademie věd České republiky [cit","timestamp":"2020-08-05T06:42:39Z"},{"ns":0,"title":"Miloslav Petrusek","pageid":189709,"size":7146,"wordcount":638,"snippet":"Kč, ISBN 80-86429-63-6. VOŘÍŠEK, Michael. Petrusek Miroslav - <span class=\"searchmatch\">Sociologická<\/span> <span class=\"searchmatch\">encyklopedie<\/span> [online]. Sociologický ústav Akademie věd České republiky [cit","timestamp":"2020-07-21T18:34:29Z"},{"ns":0,"title":"Patriarchát","pageid":14711,"size":8008,"wordcount":734,"snippet":"mužů. Praha: Karolinum.str.34-34. JUSTOŇ, Zdeněk. Patriarchát - <span class=\"searchmatch\">Sociologická<\/span> <span class=\"searchmatch\">encyklopedie<\/span> [online]. Sociologický ústav Akademie věd České republiky [cit","timestamp":"2020-06-24T10:40:04Z"},{"ns":0,"title":"Antonín Uhlíř","pageid":738920,"size":5352,"wordcount":352,"snippet":"záznam o narození a křtu PETRUSEK, Miroslav. Uhlíř Antonín - <span class=\"searchmatch\">Sociologická<\/span> <span class=\"searchmatch\">encyklopedie<\/span> [online]. Sociologický ústav Akademie věd České republiky [cit","timestamp":"2020-06-24T11:28:00Z"},{"ns":0,"title":"Přírodní národy","pageid":1599568,"size":3470,"wordcount":322,"snippet":"978-80-7272-419-2. S. 12-15.  JUSTOŇ, Zdeněk. Přírodní národy [online]. <span class=\"searchmatch\">Sociologická<\/span> <span class=\"searchmatch\">encyklopedie<\/span> [cit. 2020-05-26]. Dostupné online.  LIPS, Julius. O původu věcí","timestamp":"2020-05-26T08:21:27Z"},{"ns":0,"title":"Volt (čarodějnictví)","pageid":921671,"size":1972,"wordcount":203,"snippet":"[online]. 2016-07-08 [cit. 2020-02-16]. Dostupné online.  Magie – <span class=\"searchmatch\">Sociologická<\/span> <span class=\"searchmatch\">encyklopedie<\/span>. encyklopedie.soc.cas.cz [online]. [cit. 2020-02-16]. Dostupné","timestamp":"2020-02-18T16:46:29Z"},{"ns":0,"title":"Mezaliance","pageid":1453019,"size":6967,"wordcount":689,"snippet":"příklady tohoto nerovného svazku. FIŠEROVÁ, Vlasta. Mezaliance - <span class=\"searchmatch\">Sociologická<\/span> <span class=\"searchmatch\">encyklopedie<\/span> [online]. 11.12.2017 [cit. 2018-11-29]. Dostupné online.  OUBRECHTOVÁ","timestamp":"2020-06-07T12:32:25Z"},{"ns":0,"title":"Agrarismus","pageid":816814,"size":15972,"wordcount":1801,"snippet":"textu z článku Agrarianism na anglické Wikipedii. Agrarismus – <span class=\"searchmatch\">Sociologická<\/span> <span class=\"searchmatch\">encyklopedie<\/span>. encyklopedie.soc.cas.cz [online]. [cit. 2018-11-29]. Dostupné","timestamp":"2020-04-13T14:49:40Z"},{"ns":0,"title":"Laická sociologie","pageid":1608258,"size":1278,"wordcount":129,"snippet":"společnosti, ve které žijí. PETRUSEK, Miroslav. Sociologie laická - <span class=\"searchmatch\">Sociologická<\/span> <span class=\"searchmatch\">encyklopedie<\/span> [online]. Sociologický ústav Akademie věd České republiky [cit","timestamp":"2020-06-28T16:38:34Z"},{"ns":0,"title":"Sociální studia","pageid":528078,"size":5211,"wordcount":411,"snippet":"University of London, UK) NEŠPOR, Zdeněk R. Sociální studia - <span class=\"searchmatch\">Sociologická<\/span> <span class=\"searchmatch\">encyklopedie<\/span> [online]. Sociologický ústav Akademie věd České republiky [cit","timestamp":"2020-08-15T09:49:57Z"},{"ns":0,"title":"Fourierismus","pageid":1542646,"size":8907,"wordcount":1108,"snippet":" směr, který Fourier do určité míry ovlivnil. Fourierismus – <span class=\"searchmatch\">Sociologická<\/span> <span class=\"searchmatch\">encyklopedie<\/span>. encyklopedie.soc.cas.cz [online]. [cit. 2019-12-02]. Dostupné","timestamp":"2020-06-20T15:37:43Z"},{"ns":0,"title":"Spojené státy americké","pageid":3183,"size":196951,"wordcount":17189,"snippet":"[online]. [cit. 2019-06-16]. Dostupné online. (česky)  New Deal – <span class=\"searchmatch\">Sociologická<\/span> <span class=\"searchmatch\">encyklopedie<\/span>. encyklopedie.soc.cas.cz [online]. [cit. 2019-06-16]. Dostupné","timestamp":"2020-08-16T10:37:13Z"},{"ns":0,"title":"Standardní chyba","pageid":1466936,"size":4200,"wordcount":463,"snippet":"něco mezi 25,6 % a 44,4 % lidí. Jan Řehák. Chyba směrodatná – <span class=\"searchmatch\">Sociologická<\/span> <span class=\"searchmatch\">encyklopedie<\/span>. encyklopedie.soc.cas.cz [online]. [cit. 2019-01-30]. Dostupné","timestamp":"2020-02-16T21:33:39Z"},{"ns":0,"title":"Symbolický interakcionismus","pageid":135685,"size":9767,"wordcount":1063,"snippet":"2018-11-30]. Dostupné online. (česky)  Interakcionismus symbolický – <span class=\"searchmatch\">Sociologická<\/span> <span class=\"searchmatch\">encyklopedie<\/span>. encyklopedie.soc.cas.cz [online]. [cit. 2018-11-30]. Dostupné","timestamp":"2020-06-05T16:06:04Z"},{"ns":0,"title":"Sociální stratifikace","pageid":46308,"size":24455,"wordcount":2750,"snippet":"sdružení bez hierarchie. ŠANDEROVÁ, Jadwiga. Stratifikace sociální - <span class=\"searchmatch\">Sociologická<\/span> <span class=\"searchmatch\">encyklopedie<\/span> [online]. Sociologický ústav Akademie věd České republiky [cit","timestamp":"2020-06-24T10:38:14Z"},{"ns":0,"title":"Ernest Gellner","pageid":58843,"size":11601,"wordcount":1164,"snippet":"zdroj] PETRUSEK, Miroslav. Gellner Ernest (Arnošt) - <span class=\"searchmatch\">Sociologická<\/span> <span class=\"searchmatch\">encyklopedie<\/span> [online]. Sociologický ústav Akademie věd České republiky [cit","timestamp":"2020-06-24T11:30:15Z"},{"ns":0,"title":"Masarykova sociologická společnost","pageid":1608259,"size":2884,"wordcount":175,"snippet":"nedokončené. ZDENĚK, Nešpor R. Masarykova sociologická společnost - <span class=\"searchmatch\">Sociologická<\/span> <span class=\"searchmatch\">encyklopedie<\/span> [online]. Sociologický ústav Akademie věd České republiky [cit","timestamp":"2020-06-28T15:54:02Z"},{"ns":0,"title":"Sociologický ústav Akademie věd České republiky","pageid":1247802,"size":26177,"wordcount":2329,"snippet":"Dostupné online.  NEŠPOR, Zdeněk R. Sociologický ústav AV ČR - <span class=\"searchmatch\">Sociologická<\/span> <span class=\"searchmatch\">encyklopedie<\/span> [online]. Sociologický ústav Akademie věd České republiky [cit","timestamp":"2020-08-05T07:36:41Z"},{"ns":0,"title":"Difusionismus","pageid":1452673,"size":8087,"wordcount":792,"snippet":"[online]. [cit. 2018-11-27]. Dostupné online.  Difuzionismus – <span class=\"searchmatch\">Sociologická<\/span> <span class=\"searchmatch\">encyklopedie<\/span>. encyklopedie.soc.cas.cz [online]. [cit. 2018-11-27]. Dostupné","timestamp":"2020-03-30T17:00:40Z"},{"ns":0,"title":"Emanuel Chalupný","pageid":173179,"size":14722,"wordcount":1528,"snippet":"978-80-7201-750-8. S. 121–126. NEŠPOR, Zdeněk R. Chalupný Emanuel - <span class=\"searchmatch\">Sociologická<\/span> <span class=\"searchmatch\">encyklopedie<\/span> [online]. Sociologický ústav Akademie věd České republiky [cit","timestamp":"2020-06-24T11:24:17Z"},{"ns":0,"title":"Teorie komunikace","pageid":1542623,"size":6649,"wordcount":662,"snippet":"slovník. Praha: Karolinum, 1996. S. 1293.  Teorie komunikace – <span class=\"searchmatch\">Sociologická<\/span> <span class=\"searchmatch\">encyklopedie<\/span>. encyklopedie.soc.cas.cz [online]. [cit. 2019-12-02]. Dostupné","timestamp":"2020-06-19T14:40:29Z"},{"ns":0,"title":"Sociální adaptace","pageid":1170261,"size":1997,"wordcount":218,"snippet":"mají dnes především masmédia. PETRUSEK, Miroslav. Adaptace - <span class=\"searchmatch\">Sociologická<\/span> <span class=\"searchmatch\">encyklopedie<\/span> [online]. Sociologický ústav Akademie věd České republiky [cit","timestamp":"2020-06-24T10:32:42Z"},{"ns":0,"title":"Sociální nerovnost","pageid":272865,"size":28676,"wordcount":3011,"snippet":"nakladatelství, 1997.  KELLER, Jan. Nerovnost sociální [online]. <span class=\"searchmatch\">Sociologická<\/span> <span class=\"searchmatch\">encyklopedie<\/span>, Sociologický ústav Akademie věd České republiky [cit. 2020-03-11]","timestamp":"2020-06-12T18:11:30Z"},{"ns":0,"title":"Bohuslav Blažek","pageid":180036,"size":11987,"wordcount":1249,"snippet":"pomezí (Panton, Praha 1991) KOPECKÁ, Anna. Blažek Bohuslav - <span class=\"searchmatch\">Sociologická<\/span> <span class=\"searchmatch\">encyklopedie<\/span> [online]. Sociologický ústav Akademie věd České republiky [cit","timestamp":"2020-07-16T19:13:27Z"},{"ns":0,"title":"Odliv mozků","pageid":688651,"size":8635,"wordcount":992,"snippet":"org/odliv-a-priliv-mozku/ ČERMÁK, Vladimír. Odliv mozků. In: <span class=\"searchmatch\">Sociologická<\/span> <span class=\"searchmatch\">encyklopedie<\/span> [online]. Praha: Sociologický ústav Akademie věd ČR, 2017 [cit","timestamp":"2020-06-23T22:35:06Z"},{"ns":0,"title":"Kulturní relativismus","pageid":983929,"size":7607,"wordcount":902,"snippet":"slovenské Wikipedii. SOUKUP, Václav. Relativismus kulturní - <span class=\"searchmatch\">Sociologická<\/span> <span class=\"searchmatch\">encyklopedie<\/span> [online]. Sociologický ústav Akademie věd České republiky [cit","timestamp":"2020-06-24T10:30:23Z"},{"ns":0,"title":"Svobodná škola politických nauk","pageid":1177017,"size":5268,"wordcount":494,"snippet":" Zdeněk R. Časopis Svobodné školy politických nauk v Praze - <span class=\"searchmatch\">Sociologická<\/span> <span class=\"searchmatch\">encyklopedie<\/span> [online]. Sociologický ústav Akademie věd České republiky [cit","timestamp":"2020-06-24T11:36:21Z"},{"ns":0,"title":"Hynek Jeřábek","pageid":1452886,"size":6301,"wordcount":623,"snippet":"Marienthal či americký Middletown. VOŘÍŠEK, Michael. Jeřábek Hynek - <span class=\"searchmatch\">Sociologická<\/span> <span class=\"searchmatch\">encyklopedie<\/span> [online]. Sociologický ústav Akademie věd České republiky [cit","timestamp":"2020-06-24T11:26:06Z"},{"ns":0,"title":"Neomarxismus","pageid":318515,"size":28257,"wordcount":2505,"snippet":"Miloslav Petrusek: heslo Neomarxismus na encyklopedie.soc.cas.cz, <span class=\"searchmatch\">Sociologická<\/span> <span class=\"searchmatch\">encyklopedie<\/span>. Editor Zdeněk R. Nešpor; Sociologický ústav AV ČR, v.v.i. Autoritní","timestamp":"2020-07-04T20:59:46Z"},{"ns":0,"title":"Sociologické nakladatelství","pageid":1455527,"size":8262,"wordcount":808,"snippet":"173819874 S. 307.  NEŠPOR, Zdeněk R. Sociologické nakladatelství - <span class=\"searchmatch\">Sociologická<\/span> <span class=\"searchmatch\">encyklopedie<\/span> [online]. Sociologický ústav Akademie věd České republiky [cit","timestamp":"2020-06-24T11:33:44Z"},{"ns":0,"title":"Metasociologie","pageid":1451604,"size":5894,"wordcount":680,"snippet":"http://pages.pedf.cuni.cz/pedagogika/?p=10100&amp;lang=cs. &quot;Metasociologie&quot;, <span class=\"searchmatch\">Sociologická<\/span> <span class=\"searchmatch\">encyklopedie<\/span>, staženo 9.11.2018, https://encyklopedie.soc.cas.cz/w/Metasociologie","timestamp":"2018-11-27T20:07:37Z"},{"ns":0,"title":"Martin Potůček","pageid":578186,"size":18596,"wordcount":2003,"snippet":"93 s. ISBN 978-80-7378-110-1. VODÁKOVÁ, Olga. Potůček Martin - <span class=\"searchmatch\">Sociologická<\/span> <span class=\"searchmatch\">encyklopedie<\/span> [online]. Sociologický ústav Akademie věd České republiky [cit","timestamp":"2020-07-16T21:15:28Z"},{"ns":0,"title":"Jan Mertl","pageid":1177724,"size":12413,"wordcount":1307,"snippet":"2016-02-23]. Dostupné online.  NEŠPOR, Zdeněk R. Mertl Jan - <span class=\"searchmatch\">Sociologická<\/span> <span class=\"searchmatch\">encyklopedie<\/span> [online]. Sociologický ústav Akademie věd České republiky [cit","timestamp":"2020-06-24T11:29:19Z"},{"ns":0,"title":"Mladá Francie","pageid":1459799,"size":5238,"wordcount":519,"snippet":"Romanticism, Oxford University Press 2016, Chapter 8 - Frenetic Romantisism. (česky) Mladá Francie – <span class=\"searchmatch\">Sociologická<\/span> <span class=\"searchmatch\">encyklopedie<\/span> Portály: Francie | Literatura","timestamp":"2019-05-04T21:38:10Z"},{"ns":0,"title":"Rodinný stav","pageid":1517649,"size":12236,"wordcount":1504,"snippet":"Fišerová: Stav rodinný, stránka naposledy editována 11. 12. 2017, <span class=\"searchmatch\">Sociologická<\/span> <span class=\"searchmatch\">encyklopedie<\/span>, Sociologický ústav AV ČR, v.v.i., hlavní editor Zdeněk R. Nešpor","timestamp":"2020-02-06T02:05:28Z"},{"ns":0,"title":"Ortodoxie (náboženství)","pageid":1614340,"size":8428,"wordcount":920,"snippet":"obzvláště pak ctitelé pravidel Vinaja (obvykle mniši). Ortodoxie – <span class=\"searchmatch\">Sociologická<\/span> <span class=\"searchmatch\">encyklopedie<\/span>. encyklopedie.soc.cas.cz [online]. [cit. 2020-07-22]. Dostupné","timestamp":"2020-07-22T07:35:36Z"},{"ns":0,"title":"Mazdaznan","pageid":1608274,"size":3476,"wordcount":294,"snippet":"l.]: ABC-CLIO, 2010. ISBN 9781598842043. S. 1841.  LINHART, Jiří. Mazdaznan [online]. <span class=\"searchmatch\">Sociologická<\/span> <span class=\"searchmatch\">encyklopedie<\/span> [cit. 2020-06-24]. Dostupné online. ","timestamp":"2020-06-24T13:12:28Z"},{"ns":0,"title":"Proletarizace","pageid":1452656,"size":5305,"wordcount":617,"snippet":"1966. ŠANDEROVÁ, Jadwiga, NEŠPOR, Zdeněk, ed. Proletarizace. <span class=\"searchmatch\">Sociologická<\/span> <span class=\"searchmatch\">encyklopedie<\/span> [online]. Sociologický ústav AV ČR, 11.12.2017. Dostupné z: https://encyklopedie","timestamp":"2018-11-28T13:50:33Z"},{"ns":0,"title":"Jiří Večerník","pageid":1453052,"size":12539,"wordcount":1237,"snippet":"[online]. Sociologický Ústav Akademie věd. Dostupné online.  <span class=\"searchmatch\">Sociologická<\/span> <span class=\"searchmatch\">encyklopedie<\/span> [online]. Sociologický ústav AV ČR. Dostupné online. [nedostupný","timestamp":"2020-06-19T01:43:41Z"},{"ns":0,"title":"Tichá revoluce","pageid":1538604,"size":13932,"wordcount":1620,"snippet":"info/ssoar/handle/document/5346 RABUŠIC, Ladislav. Revoluce tichá. In: <span class=\"searchmatch\">Sociologická<\/span> <span class=\"searchmatch\">encyklopedie<\/span> [online]. 3.3.2018 [cit. 2019-11-02]. Dostupné také z: https://encyklopedie","timestamp":"2020-06-05T16:12:35Z"},{"ns":0,"title":"Autoprezentace","pageid":1452947,"size":7790,"wordcount":801,"snippet":" ISSN 2450-5765. DOI:10.14746/pt.2008.9.9.  Autoprezentace – <span class=\"searchmatch\">Sociologická<\/span> <span class=\"searchmatch\">encyklopedie<\/span>. encyklopedie.soc.cas.cz [online]. [cit. 2018-11-30]. Dostupné","timestamp":"2020-02-11T13:01:26Z"},{"ns":0,"title":"Indexikalita","pageid":1453073,"size":6438,"wordcount":654,"snippet":" jelikož při jednání ztělesňuje naše běžné praktické vědomí. <span class=\"searchmatch\">Sociologická<\/span> <span class=\"searchmatch\">encyklopedie<\/span>, heslo &quot;Indexikalita&quot; [online]. [cit. 2018-11-27]. Dostupné online","timestamp":"2020-06-13T09:45:22Z"},{"ns":0,"title":"Tomáš Čep","pageid":1541745,"size":10746,"wordcount":1063,"snippet":"cz [online]. [cit. 2019-11-29]. Dostupné online.  Čep Tomáš – <span class=\"searchmatch\">Sociologická<\/span> <span class=\"searchmatch\">encyklopedie<\/span>. encyklopedie.soc.cas.cz [online]. [cit. 2019-11-29]. Dostupné","timestamp":"2020-07-08T17:13:49Z"},{"ns":0,"title":"Sociální gerontologie","pageid":1453072,"size":10601,"wordcount":1131,"snippet":"ekonomický a zdravotní stav v pozdějším životě. KASALOVÁ, Hana. <span class=\"searchmatch\">Sociologická<\/span> <span class=\"searchmatch\">encyklopedie<\/span>. encyklopedie.soc.cas.cz [online]. [cit. 2018-11-30]. Dostupné","timestamp":"2019-12-22T18:03:58Z"},{"ns":0,"title":"Samuel Smiles","pageid":1502149,"size":39086,"wordcount":4069,"snippet":"  Smiles, Thrift, p. 330. Smiles, Thrift, p. 337. Snobismus – <span class=\"searchmatch\">Sociologická<\/span> <span class=\"searchmatch\">encyklopedie<\/span>. encyklopedie.soc.cas.cz [online]. [cit. 2019-05-30]. Dostupné","timestamp":"2020-06-19T15:46:19Z"},{"ns":0,"title":"Sociologie rodiny","pageid":1541339,"size":23982,"wordcount":2593,"snippet":" 2019-11-28]. Dostupné online. (anglicky)  FIŠEROVÁ, Vlasta. <span class=\"searchmatch\">Sociologická<\/span> <span class=\"searchmatch\">encyklopedie<\/span> [online]. Sociologický ústav AV ČR, 5.3. 2018 [cit. 2019-11-29]","timestamp":"2019-12-05T00:04:45Z"},{"ns":0,"title":"Homofilie","pageid":1541149,"size":28559,"wordcount":2978,"snippet":"[cit. 2019-11-27]. ISSN 0362-4331. (anglicky)  Homosexualita – <span class=\"searchmatch\">Sociologická<\/span> <span class=\"searchmatch\">encyklopedie<\/span>. encyklopedie.soc.cas.cz [online]. [cit. 2019-12-20]. Dostupné","timestamp":"2020-06-20T15:47:31Z"}]}}
