"","article_titles","article_id","article_text_mention"
"1","Společnost",257528,"anglické Wikipedii. PETRUSEK, Miroslav. Společnost [online]. <span class=""searchmatch"">Sociologická</span> <span class=""searchmatch"">encyklopedie</span>, Sociologický ústav Akademie věd České republiky. Dostupné online"
"2","Dělnická třída",258087,"Autoritní data: GND: 4068799-5 ŠANDEROVÁ, Jadwiga. Třída dělnická - <span class=""searchmatch"">Sociologická</span> <span class=""searchmatch"">encyklopedie</span> [online]. Sociologický ústav Akademie věd České republiky [cit"
"3","Ženská práva",623100,"Ženské práva na slovenské Wikipedii. NEŠPOR, Zdeněk R. a kol., ed. <span class=""searchmatch"">Sociologická</span> <span class=""searchmatch"">encyklopedie</span> [online]. [Praha]: Sociologický ústav AV ČR, 2018 [cit. 10. 2"
"4","Jan Řehák",1452518,"spoluautorkami I.Bártovou a J. Hamanovou) VEČERNÍK, Jiří. Řehák Jan. <span class=""searchmatch"">Sociologická</span> <span class=""searchmatch"">encyklopedie</span> [online]. [cit. 2018-11-27]. Dostupné z: https://encyklopedie"
"5","Ghetto",64000,"převážně romským obyvatelstvem.[zdroj?] MUCHA, Ivan. Ghetto - <span class=""searchmatch"">Sociologická</span> <span class=""searchmatch"">encyklopedie</span> [online]. Sociologický ústav Akademie věd České republiky [cit"
"6","Pietismus",50448,"org [online]. [cit. 2019-04-22]. Dostupné online.  Pietismus – <span class=""searchmatch"">Sociologická</span> <span class=""searchmatch"">encyklopedie</span>. encyklopedie.soc.cas.cz [online]. [cit. 2019-04-22]. Dostupné"
"7","Privilegium",298785,"primárně na osobní úrovni. KELLER, Jan. Privilegium [online]. <span class=""searchmatch"">Sociologická</span> <span class=""searchmatch"">encyklopedie</span>, Sociologický ústav Akademie věd České republiky. Dostupné online"
"8","Instituce",247494,"Philosophie. Basel 1981nn. Heslo Institution. Sv. 4, sl. 418. <span class=""searchmatch"">Sociologická</span> <span class=""searchmatch"">encyklopedie</span> Obrázky, zvuky či videa k tématu instituce ve Wikimedia Commons"
"9","Amatér",10354," 44. ISBN 80-200-0607-9. SUDA, Zdeněk. Profesionalizace. In: <span class=""searchmatch"">Sociologická</span> <span class=""searchmatch"">encyklopedie</span> [online]. 11. 12. 2017 v 17:03 [cit. 27. 12. 2018]. Dostupné z:"
"10","Venkov",150841,"nakladatelství Era v roce 2004). HUDEČKOVÁ, Helena. Venkov - <span class=""searchmatch"">Sociologická</span> <span class=""searchmatch"">encyklopedie</span> [online]. Sociologický ústav Akademie věd České republiky [cit"
"11","Technologický determinismus",1283997,"802461684X. OCLC 641494854 S. 44.  Determinismus ekonomický – <span class=""searchmatch"">Sociologická</span> <span class=""searchmatch"">encyklopedie</span>. encyklopedie.soc.cas.cz [online]. [cit. 2019-05-04]. Dostupné"
"12","Konfiguracionismus",1452852,"témat. <span class=""searchmatch"">Sociologická</span> <span class=""searchmatch"">encyklopedie</span> [online]. Sociologický ústav AV ČR, v.v.i., 1. 2. 2018 [cit. 2018-11-20]. Dostupné online.  <span class=""searchmatch"">Sociologická</span> <span class=""searchmatch"">encyklopedie</span> [online]"
"13","Vasil Kaprálek Škrach",1594435,"roce 1943 popraven. NEŠPOR, Zdeněk R. Škrach Vasil Kaprálek. <span class=""searchmatch"">Sociologická</span> <span class=""searchmatch"">encyklopedie</span> [online]. [cit. 2020-05-09]. Dostupné online.  NAVRÁTIL, Josef:"
"14","Jelena Osipovová",1313086,"В. (общ. ред.) Российская социологическая энциклопедия (Ruská <span class=""searchmatch"">sociologická</span> <span class=""searchmatch"">encyklopedie</span>). М., Норма-Инфра-М, —1998. — 672 с. Осипова, Елена Владимировна"
"15","Sociologie venkova",1541488,"<span class=""searchmatch"">Sociologická</span> <span class=""searchmatch"">encyklopedie</span>. encyklopedie.soc.cas.cz [online]. [cit. 2019-11-28]. Dostupné online.  Sociologie zemědělství – <span class=""searchmatch"">Sociologická</span> <span class=""searchmatch"">encyklopedie</span>."
"16","Glasnosť",137056,"porážka moskevského puče v srpnu 1991. BAYER, Ivo. Glasnosť – <span class=""searchmatch"">Sociologická</span> <span class=""searchmatch"">encyklopedie</span>. encyklopedie.soc.cas.cz [online]. [cit. 2020-06-27]. Dostupné"
"17","Filosofický časopis",700823,"cz/fil/scf/komplet/casop.html NEŠPOR, Zdeněk R. Filosofický časopis - <span class=""searchmatch"">Sociologická</span> <span class=""searchmatch"">encyklopedie</span> [online]. Sociologický ústav Akademie věd České republiky [cit"
"18","Česká akademie věd a umění",288160,"součástí ČSAV). NEŠPOR, Zdeněk R. Česká akademie věd a umění - <span class=""searchmatch"">Sociologická</span> <span class=""searchmatch"">encyklopedie</span> [online]. Sociologický ústav Akademie věd České republiky [cit"
"19","Lubomír Brokl",1541483,"Evou Broklovou (1939–2020). <span class=""searchmatch"">Sociologická</span> <span class=""searchmatch"">encyklopedie</span> [online]. [cit. 2019-12-03]. Dostupné online.  <span class=""searchmatch"">Sociologická</span> <span class=""searchmatch"">encyklopedie</span> [online]. [cit. 2019-12-03]"
"20","Resocializace",313846,"navrací zpět do společnosti. MARKUSOVÁ, Renata. Resocializace - <span class=""searchmatch"">Sociologická</span> <span class=""searchmatch"">encyklopedie</span> [online]. Sociologický ústav Akademie věd České republiky [cit"
"21","Civilizace",90966,"cz/wp-content/uploads/Civilizace-v-dejinach-a-dnes.pdf Civilizace – <span class=""searchmatch"">Sociologická</span> <span class=""searchmatch"">encyklopedie</span>. encyklopedie.soc.cas.cz [online]. [cit. 2020-06-11]. Dostupné"
"22","Bratrstvo",1003860,"univerzitní fraternity a sorority v USA. MUCHA, Ivan. Bratrstvo - <span class=""searchmatch"">Sociologická</span> <span class=""searchmatch"">encyklopedie</span> [online]. Sociologický ústav Akademie věd České republiky [cit"
"23","Globalistika",902172,"zaostalosti – překonání kontrastů mezi rozvojovými a vyspělými zeměmi <span class=""searchmatch"">Sociologická</span> <span class=""searchmatch"">encyklopedie</span>: Globalistika Globalizace Globální výchova Vědění a učení v globalizovaném"
"24","Wiki",4778,"dalších wikiprojektů na ČVUT) tematické nebo odborné (například <span class=""searchmatch"">Sociologická</span> <span class=""searchmatch"">encyklopedie</span>, právnická encyklopedie Iuridictum, liberecký univerzitní projekt"
"25","Ostrakismus",26378,"Římanů I. Praha, Odeon, 1967, 836 s. TOMEK, Ivan. Ostrakismus - <span class=""searchmatch"">Sociologická</span> <span class=""searchmatch"">encyklopedie</span> [online]. Sociologický ústav Akademie věd České republiky [cit"
"26","Jiří Musil (sociolog)",256073,"sociologie bylo 84 let, Aktuálně.cz VODÁKOVÁ, Olga. Musil Jiří - <span class=""searchmatch"">Sociologická</span> <span class=""searchmatch"">encyklopedie</span> [online]. Sociologický ústav Akademie věd České republiky [cit"
"27","Strukturální antropologie",1452713,"změní jeden prvek, následkem je řetěz změn i v ostatních prvcích (<span class=""searchmatch"">Sociologická</span> <span class=""searchmatch"">encyklopedie</span>). Vše podle Lévi-Strausse souvisí se vším. Na příkladech různých"
"28","Sociální rovnost",1576586,"všechny zmíněné formy. SEDLÁČEK, Jan. Rovnost sociální [online]. <span class=""searchmatch"">Sociologická</span> <span class=""searchmatch"">encyklopedie</span>, Sociologický ústav Akademie věd České republiky. Dostupné online"
"29","Průmysl volného času",1103967,"ruch, turistika, rekreace, pohostinství) a sportovní průmysl. <span class=""searchmatch"">Sociologická</span> <span class=""searchmatch"">encyklopedie</span>: Průmysl volného času [online]. Sociologický ústav AV ČR [cit"
"30","Dialektický materialismus",210625," G. Spirkinem a M. N. Rutkevičem. Materialusmus dialektický - <span class=""searchmatch"">Sociologická</span> <span class=""searchmatch"">encyklopedie</span> KONSTANTINOV, F. V., a autorský kolektiv v tomto složení: T. I"
"31","Enkulturace",10315,"bytost společenskou a kulturní SOUKUP, Václav. Enkulturace - <span class=""searchmatch"">Sociologická</span> <span class=""searchmatch"">encyklopedie</span> [online]. Sociologický ústav Akademie věd České republiky [cit"
"32","Jiří Kabele",261236,"2008. ISBN 978-80-7239-213-1.  VOŘÍŠEK, Michael. Kabele Jiří - <span class=""searchmatch"">Sociologická</span> <span class=""searchmatch"">encyklopedie</span> [online]. Sociologický ústav Akademie věd České republiky [cit"
"33","Výzkumný ústav práce a sociálních věcí",1126296,"cast=69748 NEŠPOR, Zdeněk R. Výzkumný ústav práce a sociálních věcí - <span class=""searchmatch"">Sociologická</span> <span class=""searchmatch"">encyklopedie</span> [online]. Sociologický ústav Akademie věd České republiky [cit"
"34","Grantová agentura České republiky",386150,"a Rakouskem. NEŠPOR, Zdeněk R. Grantová agentura České republiky - <span class=""searchmatch"">Sociologická</span> <span class=""searchmatch"">encyklopedie</span> [online]. Sociologický ústav Akademie věd České republiky [cit"
"35","Frankfurtská škola",15355,"0023-4834. DOI:10.5771/0023-4834-1976-2-175.  Škola frankfurtská – <span class=""searchmatch"">Sociologická</span> <span class=""searchmatch"">encyklopedie</span>. encyklopedie.soc.cas.cz [online]. [cit. 2019-12-02]. Dostupné"
"36","Ústav vědeckého ateismu ČSAV",619203,"dětí; sv. 51) NEŠPOR, Zdeněk R. Ústav vědeckého ateismu ČSAV - <span class=""searchmatch"">Sociologická</span> <span class=""searchmatch"">encyklopedie</span> [online]. Sociologický ústav Akademie věd České republiky [cit"
"37","Jan Keller",8093,"studií Masarykovy univerzity, 2004. JANÁK, Dušan. Keller Jan - <span class=""searchmatch"">Sociologická</span> <span class=""searchmatch"">encyklopedie</span> [online]. Sociologický ústav Akademie věd České republiky [cit"
"38","Autorita",193688,"ochotno dojít až k horní hranici 450 voltů. PETRUSEK, Miroslav. <span class=""searchmatch"">Sociologická</span> <span class=""searchmatch"">encyklopedie</span> - Autorita [online]. [cit. 2019-12-20]. Dostupné online.  Arendt"
"39","Melting pot",524402,"avšak zároveň zůstávají odlišné. KREJČÍ, Jaroslav. Melting pot - <span class=""searchmatch"">Sociologická</span> <span class=""searchmatch"">encyklopedie</span> [online]. Sociologický ústav Akademie věd České republiky [cit"
"40","Etnologický ústav Akademie věd České republiky",1479090,"Národních autoritách NK ČR. NEŠPOR, Zdeněk R. Etnologický ústav - <span class=""searchmatch"">Sociologická</span> <span class=""searchmatch"">encyklopedie</span> [online]. Sociologický ústav Akademie věd České republiky [cit"
"41","Miloslav Petrusek",189709,"Kč, ISBN 80-86429-63-6. VOŘÍŠEK, Michael. Petrusek Miroslav - <span class=""searchmatch"">Sociologická</span> <span class=""searchmatch"">encyklopedie</span> [online]. Sociologický ústav Akademie věd České republiky [cit"
"42","Patriarchát",14711,"mužů. Praha: Karolinum.str.34-34. JUSTOŇ, Zdeněk. Patriarchát - <span class=""searchmatch"">Sociologická</span> <span class=""searchmatch"">encyklopedie</span> [online]. Sociologický ústav Akademie věd České republiky [cit"
"43","Antonín Uhlíř",738920,"záznam o narození a křtu PETRUSEK, Miroslav. Uhlíř Antonín - <span class=""searchmatch"">Sociologická</span> <span class=""searchmatch"">encyklopedie</span> [online]. Sociologický ústav Akademie věd České republiky [cit"
"44","Přírodní národy",1599568,"978-80-7272-419-2. S. 12-15.  JUSTOŇ, Zdeněk. Přírodní národy [online]. <span class=""searchmatch"">Sociologická</span> <span class=""searchmatch"">encyklopedie</span> [cit. 2020-05-26]. Dostupné online.  LIPS, Julius. O původu věcí"
"45","Volt (čarodějnictví)",921671,"[online]. 2016-07-08 [cit. 2020-02-16]. Dostupné online.  Magie – <span class=""searchmatch"">Sociologická</span> <span class=""searchmatch"">encyklopedie</span>. encyklopedie.soc.cas.cz [online]. [cit. 2020-02-16]. Dostupné"
"46","Mezaliance",1453019,"příklady tohoto nerovného svazku. FIŠEROVÁ, Vlasta. Mezaliance - <span class=""searchmatch"">Sociologická</span> <span class=""searchmatch"">encyklopedie</span> [online]. 11.12.2017 [cit. 2018-11-29]. Dostupné online.  OUBRECHTOVÁ"
"47","Agrarismus",816814,"textu z článku Agrarianism na anglické Wikipedii. Agrarismus – <span class=""searchmatch"">Sociologická</span> <span class=""searchmatch"">encyklopedie</span>. encyklopedie.soc.cas.cz [online]. [cit. 2018-11-29]. Dostupné"
"48","Laická sociologie",1608258,"společnosti, ve které žijí. PETRUSEK, Miroslav. Sociologie laická - <span class=""searchmatch"">Sociologická</span> <span class=""searchmatch"">encyklopedie</span> [online]. Sociologický ústav Akademie věd České republiky [cit"
"49","Sociální studia",528078,"University of London, UK) NEŠPOR, Zdeněk R. Sociální studia - <span class=""searchmatch"">Sociologická</span> <span class=""searchmatch"">encyklopedie</span> [online]. Sociologický ústav Akademie věd České republiky [cit"
"50","Fourierismus",1542646," směr, který Fourier do určité míry ovlivnil. Fourierismus – <span class=""searchmatch"">Sociologická</span> <span class=""searchmatch"">encyklopedie</span>. encyklopedie.soc.cas.cz [online]. [cit. 2019-12-02]. Dostupné"
"51","Spojené státy americké",3183,"[online]. [cit. 2019-06-16]. Dostupné online. (česky)  New Deal – <span class=""searchmatch"">Sociologická</span> <span class=""searchmatch"">encyklopedie</span>. encyklopedie.soc.cas.cz [online]. [cit. 2019-06-16]. Dostupné"
"52","Standardní chyba",1466936,"něco mezi 25,6 % a 44,4 % lidí. Jan Řehák. Chyba směrodatná – <span class=""searchmatch"">Sociologická</span> <span class=""searchmatch"">encyklopedie</span>. encyklopedie.soc.cas.cz [online]. [cit. 2019-01-30]. Dostupné"
"53","Symbolický interakcionismus",135685,"2018-11-30]. Dostupné online. (česky)  Interakcionismus symbolický – <span class=""searchmatch"">Sociologická</span> <span class=""searchmatch"">encyklopedie</span>. encyklopedie.soc.cas.cz [online]. [cit. 2018-11-30]. Dostupné"
"54","Sociální stratifikace",46308,"sdružení bez hierarchie. ŠANDEROVÁ, Jadwiga. Stratifikace sociální - <span class=""searchmatch"">Sociologická</span> <span class=""searchmatch"">encyklopedie</span> [online]. Sociologický ústav Akademie věd České republiky [cit"
"55","Ernest Gellner",58843,"zdroj] PETRUSEK, Miroslav. Gellner Ernest (Arnošt) - <span class=""searchmatch"">Sociologická</span> <span class=""searchmatch"">encyklopedie</span> [online]. Sociologický ústav Akademie věd České republiky [cit"
"56","Masarykova sociologická společnost",1608259,"nedokončené. ZDENĚK, Nešpor R. Masarykova sociologická společnost - <span class=""searchmatch"">Sociologická</span> <span class=""searchmatch"">encyklopedie</span> [online]. Sociologický ústav Akademie věd České republiky [cit"
"57","Sociologický ústav Akademie věd České republiky",1247802,"Dostupné online.  NEŠPOR, Zdeněk R. Sociologický ústav AV ČR - <span class=""searchmatch"">Sociologická</span> <span class=""searchmatch"">encyklopedie</span> [online]. Sociologický ústav Akademie věd České republiky [cit"
"58","Difusionismus",1452673,"[online]. [cit. 2018-11-27]. Dostupné online.  Difuzionismus – <span class=""searchmatch"">Sociologická</span> <span class=""searchmatch"">encyklopedie</span>. encyklopedie.soc.cas.cz [online]. [cit. 2018-11-27]. Dostupné"
"59","Emanuel Chalupný",173179,"978-80-7201-750-8. S. 121–126. NEŠPOR, Zdeněk R. Chalupný Emanuel - <span class=""searchmatch"">Sociologická</span> <span class=""searchmatch"">encyklopedie</span> [online]. Sociologický ústav Akademie věd České republiky [cit"
"60","Teorie komunikace",1542623,"slovník. Praha: Karolinum, 1996. S. 1293.  Teorie komunikace – <span class=""searchmatch"">Sociologická</span> <span class=""searchmatch"">encyklopedie</span>. encyklopedie.soc.cas.cz [online]. [cit. 2019-12-02]. Dostupné"
"61","Sociální adaptace",1170261,"mají dnes především masmédia. PETRUSEK, Miroslav. Adaptace - <span class=""searchmatch"">Sociologická</span> <span class=""searchmatch"">encyklopedie</span> [online]. Sociologický ústav Akademie věd České republiky [cit"
"62","Sociální nerovnost",272865,"nakladatelství, 1997.  KELLER, Jan. Nerovnost sociální [online]. <span class=""searchmatch"">Sociologická</span> <span class=""searchmatch"">encyklopedie</span>, Sociologický ústav Akademie věd České republiky [cit. 2020-03-11]"
"63","Bohuslav Blažek",180036,"pomezí (Panton, Praha 1991) KOPECKÁ, Anna. Blažek Bohuslav - <span class=""searchmatch"">Sociologická</span> <span class=""searchmatch"">encyklopedie</span> [online]. Sociologický ústav Akademie věd České republiky [cit"
"64","Odliv mozků",688651,"org/odliv-a-priliv-mozku/ ČERMÁK, Vladimír. Odliv mozků. In: <span class=""searchmatch"">Sociologická</span> <span class=""searchmatch"">encyklopedie</span> [online]. Praha: Sociologický ústav Akademie věd ČR, 2017 [cit"
"65","Kulturní relativismus",983929,"slovenské Wikipedii. SOUKUP, Václav. Relativismus kulturní - <span class=""searchmatch"">Sociologická</span> <span class=""searchmatch"">encyklopedie</span> [online]. Sociologický ústav Akademie věd České republiky [cit"
"66","Svobodná škola politických nauk",1177017," Zdeněk R. Časopis Svobodné školy politických nauk v Praze - <span class=""searchmatch"">Sociologická</span> <span class=""searchmatch"">encyklopedie</span> [online]. Sociologický ústav Akademie věd České republiky [cit"
"67","Hynek Jeřábek",1452886,"Marienthal či americký Middletown. VOŘÍŠEK, Michael. Jeřábek Hynek - <span class=""searchmatch"">Sociologická</span> <span class=""searchmatch"">encyklopedie</span> [online]. Sociologický ústav Akademie věd České republiky [cit"
"68","Neomarxismus",318515,"Miloslav Petrusek: heslo Neomarxismus na encyklopedie.soc.cas.cz, <span class=""searchmatch"">Sociologická</span> <span class=""searchmatch"">encyklopedie</span>. Editor Zdeněk R. Nešpor; Sociologický ústav AV ČR, v.v.i. Autoritní"
"69","Sociologické nakladatelství",1455527,"173819874 S. 307.  NEŠPOR, Zdeněk R. Sociologické nakladatelství - <span class=""searchmatch"">Sociologická</span> <span class=""searchmatch"">encyklopedie</span> [online]. Sociologický ústav Akademie věd České republiky [cit"
"70","Metasociologie",1451604,"http://pages.pedf.cuni.cz/pedagogika/?p=10100&amp;lang=cs. &quot;Metasociologie&quot;, <span class=""searchmatch"">Sociologická</span> <span class=""searchmatch"">encyklopedie</span>, staženo 9.11.2018, https://encyklopedie.soc.cas.cz/w/Metasociologie"
"71","Martin Potůček",578186,"93 s. ISBN 978-80-7378-110-1. VODÁKOVÁ, Olga. Potůček Martin - <span class=""searchmatch"">Sociologická</span> <span class=""searchmatch"">encyklopedie</span> [online]. Sociologický ústav Akademie věd České republiky [cit"
"72","Jan Mertl",1177724,"2016-02-23]. Dostupné online.  NEŠPOR, Zdeněk R. Mertl Jan - <span class=""searchmatch"">Sociologická</span> <span class=""searchmatch"">encyklopedie</span> [online]. Sociologický ústav Akademie věd České republiky [cit"
"73","Mladá Francie",1459799,"Romanticism, Oxford University Press 2016, Chapter 8 - Frenetic Romantisism. (česky) Mladá Francie – <span class=""searchmatch"">Sociologická</span> <span class=""searchmatch"">encyklopedie</span> Portály: Francie | Literatura"
"74","Rodinný stav",1517649,"Fišerová: Stav rodinný, stránka naposledy editována 11. 12. 2017, <span class=""searchmatch"">Sociologická</span> <span class=""searchmatch"">encyklopedie</span>, Sociologický ústav AV ČR, v.v.i., hlavní editor Zdeněk R. Nešpor"
"75","Ortodoxie (náboženství)",1614340,"obzvláště pak ctitelé pravidel Vinaja (obvykle mniši). Ortodoxie – <span class=""searchmatch"">Sociologická</span> <span class=""searchmatch"">encyklopedie</span>. encyklopedie.soc.cas.cz [online]. [cit. 2020-07-22]. Dostupné"
"76","Mazdaznan",1608274,"l.]: ABC-CLIO, 2010. ISBN 9781598842043. S. 1841.  LINHART, Jiří. Mazdaznan [online]. <span class=""searchmatch"">Sociologická</span> <span class=""searchmatch"">encyklopedie</span> [cit. 2020-06-24]. Dostupné online. "
"77","Proletarizace",1452656,"1966. ŠANDEROVÁ, Jadwiga, NEŠPOR, Zdeněk, ed. Proletarizace. <span class=""searchmatch"">Sociologická</span> <span class=""searchmatch"">encyklopedie</span> [online]. Sociologický ústav AV ČR, 11.12.2017. Dostupné z: https://encyklopedie"
"78","Jiří Večerník",1453052,"[online]. Sociologický Ústav Akademie věd. Dostupné online.  <span class=""searchmatch"">Sociologická</span> <span class=""searchmatch"">encyklopedie</span> [online]. Sociologický ústav AV ČR. Dostupné online. [nedostupný"
"79","Tichá revoluce",1538604,"info/ssoar/handle/document/5346 RABUŠIC, Ladislav. Revoluce tichá. In: <span class=""searchmatch"">Sociologická</span> <span class=""searchmatch"">encyklopedie</span> [online]. 3.3.2018 [cit. 2019-11-02]. Dostupné také z: https://encyklopedie"
"80","Autoprezentace",1452947," ISSN 2450-5765. DOI:10.14746/pt.2008.9.9.  Autoprezentace – <span class=""searchmatch"">Sociologická</span> <span class=""searchmatch"">encyklopedie</span>. encyklopedie.soc.cas.cz [online]. [cit. 2018-11-30]. Dostupné"
"81","Indexikalita",1453073," jelikož při jednání ztělesňuje naše běžné praktické vědomí. <span class=""searchmatch"">Sociologická</span> <span class=""searchmatch"">encyklopedie</span>, heslo &quot;Indexikalita&quot; [online]. [cit. 2018-11-27]. Dostupné online"
"82","Tomáš Čep",1541745,"cz [online]. [cit. 2019-11-29]. Dostupné online.  Čep Tomáš – <span class=""searchmatch"">Sociologická</span> <span class=""searchmatch"">encyklopedie</span>. encyklopedie.soc.cas.cz [online]. [cit. 2019-11-29]. Dostupné"
"83","Sociální gerontologie",1453072,"ekonomický a zdravotní stav v pozdějším životě. KASALOVÁ, Hana. <span class=""searchmatch"">Sociologická</span> <span class=""searchmatch"">encyklopedie</span>. encyklopedie.soc.cas.cz [online]. [cit. 2018-11-30]. Dostupné"
"84","Samuel Smiles",1502149,"  Smiles, Thrift, p. 330. Smiles, Thrift, p. 337. Snobismus – <span class=""searchmatch"">Sociologická</span> <span class=""searchmatch"">encyklopedie</span>. encyklopedie.soc.cas.cz [online]. [cit. 2019-05-30]. Dostupné"
"85","Sociologie rodiny",1541339," 2019-11-28]. Dostupné online. (anglicky)  FIŠEROVÁ, Vlasta. <span class=""searchmatch"">Sociologická</span> <span class=""searchmatch"">encyklopedie</span> [online]. Sociologický ústav AV ČR, 5.3. 2018 [cit. 2019-11-29]"
"86","Homofilie",1541149,"[cit. 2019-11-27]. ISSN 0362-4331. (anglicky)  Homosexualita – <span class=""searchmatch"">Sociologická</span> <span class=""searchmatch"">encyklopedie</span>. encyklopedie.soc.cas.cz [online]. [cit. 2019-12-20]. Dostupné"
