"","article_titles","article_id","article_text_mention"
"1","Měšťanstvo",376137,"označení „měšťák“, které se těžko překládá do jiných jazyků. <span class=""searchmatch"">Velký</span> <span class=""searchmatch"">sociologický</span> <span class=""searchmatch"">slovník</span>, heslo Buržoazie. Horská – Maur – Musil, Zrod velkoměsta. Urbanizace"
"2","Evolucionismus",190875,"přinejmenším zčásti odlišně. <span class=""searchmatch"">Velký</span> <span class=""searchmatch"">sociologický</span> <span class=""searchmatch"">slovník</span>. Praha: Karolinum, 1996. ISBN 80-7184-164-1. S. 292.  <span class=""searchmatch"">Velký</span> <span class=""searchmatch"">sociologický</span> <span class=""searchmatch"">slovník</span>. Praha: Karolinum, 1996"
"3","Solidarita",430509," Petrusek, <span class=""searchmatch"">Velký</span> <span class=""searchmatch"">sociologický</span> <span class=""searchmatch"">slovník</span>, str. 1185. Le petit Robert. Paris 1970, heslo Solidarité. M. Petrusek, <span class=""searchmatch"">Velký</span> <span class=""searchmatch"">sociologický</span> <span class=""searchmatch"">slovník</span>, str. 1185.Dostupné"
"4","Prevence",271566," <span class=""searchmatch"">Velký</span> <span class=""searchmatch"">sociologický</span> <span class=""searchmatch"">slovník</span> II., str. 842n. Ottův slovník naučný, heslo Praevence. Sv. 20, str. 395 M. Petrusek (red.), <span class=""searchmatch"">Velký</span> <span class=""searchmatch"">sociologický</span> <span class=""searchmatch"">slovník</span> II"
"5","Intelektuál",410865,"(red.), <span class=""searchmatch"">Velký</span> <span class=""searchmatch"">sociologický</span> <span class=""searchmatch"">slovník</span> I., str. 437. http://www.brainworker.ch/Wissen/intellektuelle.htm M. Petrusek (red.), <span class=""searchmatch"">Velký</span> <span class=""searchmatch"">sociologický</span> <span class=""searchmatch"">slovník</span> I. Praha:"
"6","Volný čas",329502,"z nutnosti zachování biofyziologického či rodinného systému“ (<span class=""searchmatch"">Velký</span> <span class=""searchmatch"">sociologický</span> <span class=""searchmatch"">slovník</span>, 156). Hodaň, B., Dohnal, T. (2005). Rekreologie. Olomouc: Hanex"
"7","Stylizace",286396,"emoce PETRUSEK, Miloslav; VODÁKOVÁ, Alena; MAŘÍKOVÁ, Hana et al. <span class=""searchmatch"">Velký</span> <span class=""searchmatch"">sociologický</span> <span class=""searchmatch"">slovník</span>. Díl 2, P–Z. Praha: Karolinum, 1996, s. 1247. LAKOFF, George."
"8","Kolektivismus",246084,"1991 Petrusek, <span class=""searchmatch"">Velký</span> <span class=""searchmatch"">sociologický</span> <span class=""searchmatch"">slovník</span>, str. 499. Petrusek, <span class=""searchmatch"">Velký</span> <span class=""searchmatch"">sociologický</span> <span class=""searchmatch"">slovník</span>, str. 500. Petrusek, <span class=""searchmatch"">Velký</span> <span class=""searchmatch"">sociologický</span> <span class=""searchmatch"">slovník</span>, str. 254. [1]"
"9","Bydlení",827520,"Plocha obydlí na člověka se stále zvětšuje. Petrusek a kol., <span class=""searchmatch"">Velký</span> <span class=""searchmatch"">sociologický</span> <span class=""searchmatch"">slovník</span> I. heslo Bydlení, str. 140. https://techxplore"
"10","Práce (ekonomie)",972420,"samostatná dobrovolná nebo nucená Miloslav Petrusek a kolektiv: <span class=""searchmatch"">Velký</span> <span class=""searchmatch"">sociologický</span> <span class=""searchmatch"">slovník</span> – II. svazek, Karolinum, Praha 1998, ISBN 80-7184-310-5, str."
"11","Rozvod",235320,"neznamenal právní ukončení manželství. Ten představovala až rozluka. <span class=""searchmatch"">Velký</span> <span class=""searchmatch"">sociologický</span> <span class=""searchmatch"">slovník</span> / 2 P - Ž. Vyd. 1. vyd. Praha: Univ. Karlova, Vyd. Karolinum S"
"12","Stereotyp",379431,"Petrusek, <span class=""searchmatch"">Velký</span> <span class=""searchmatch"">sociologický</span> <span class=""searchmatch"">slovník</span>, str. 1230. Dostupné online Online Etymology Dictionary, heslo Stereotype. Petrusek, <span class=""searchmatch"">Velký</span> <span class=""searchmatch"">sociologický</span> <span class=""searchmatch"">slovník</span>, str."
"13","Hostilita",849064,"Alena. <span class=""searchmatch"">Velký</span> <span class=""searchmatch"">sociologický</span> <span class=""searchmatch"">slovník</span>: I. svazek. 1. vyd. Praha: Karolinum, 1996. 747 s. S. 226.  PETRUSEK, Miloslav; VODÁKOVÁ, Alena. <span class=""searchmatch"">Velký</span> <span class=""searchmatch"">sociologický</span> slovník:"
"14","Pravděpodobnostní výběr",1151249,"LINHART, Jiří; PETRUSEK, Miloslav; VODÁKOVÁ, Alena, MAŘÍKOVÁ, Hana. <span class=""searchmatch"">Velký</span> <span class=""searchmatch"">sociologický</span> <span class=""searchmatch"">slovník</span>. Praha: Karolinum, 1996. ISBN 80-7184-310-5. S. 1397.  Laerd Dissertation:"
"15","Kultura",148810,"Petráň: Dějiny hmotné kultury I./II. Praha 1995 M. Petrusek a kol., <span class=""searchmatch"">Velký</span> <span class=""searchmatch"">sociologický</span> <span class=""searchmatch"">slovník</span> I. Heslo Kultura. Praha: Karolinum 1998 Z. Salzmann: Jazyk, kultura"
"16","Sociální skupina",45466,"2010. 120 s. ISBN 9788024729572. OCLC 641522551 S. 67 - 68.  <span class=""searchmatch"">Velký</span> <span class=""searchmatch"">sociologický</span> <span class=""searchmatch"">slovník</span> / 2 P - Z.. Vyd. 1. vyd. Praha: Univ. Karlova, Vyd. Karolinum"
"17","Občanská práva",13260,"edu/entries/civil-rights/ Ottův slovník naučný, heslo Občan. M. Petrusek (red.), <span class=""searchmatch"">Velký</span> <span class=""searchmatch"">sociologický</span> <span class=""searchmatch"">slovník</span> II. Heslo Právo volební, str. 836. Ottův slovník naučný, heslo"
"18","Indoktrinace",487068,"lidmi přes propagandistické metody v médiích. M. Petrusek (vyd.), <span class=""searchmatch"">Velký</span> <span class=""searchmatch"">sociologický</span> <span class=""searchmatch"">slovník</span> I. Praha:Karolinum 1996. Heslo Indoktrinace, str. 423. V tomto"
"19","Respondent",1247828,"zkounamou životní situací. PETRUSEK, MAŘÍKOVÁ, VODÁKOVÁ (1996). <span class=""searchmatch"">Velký</span> <span class=""searchmatch"">sociologický</span> <span class=""searchmatch"">slovník</span>. s. 925. GIDDENS (2013). Sociologie. s. 52. URBAN (2011). Sociologie"
"20","Tlupa",1150652,"(red.), <span class=""searchmatch"">Velký</span> <span class=""searchmatch"">sociologický</span> <span class=""searchmatch"">slovník</span> II., heslo &quot;tlupa&quot;, str. 1323. Ottův slovník naučný, heslo Banda. M. Petrusek (red.), <span class=""searchmatch"">Velký</span> <span class=""searchmatch"">sociologický</span> <span class=""searchmatch"">slovník</span> II.,"
"21","Sociogram",182073,"rozsáhlejších skupin Petrusek, M., <span class=""searchmatch"">Velký</span> <span class=""searchmatch"">sociologický</span> <span class=""searchmatch"">slovník</span> II., str. 1016n. Petrusek, M., <span class=""searchmatch"">Velký</span> <span class=""searchmatch"">sociologický</span> <span class=""searchmatch"">slovník</span> II., str. 1183n. Petrusek, M., Sociometrie"
"22","Absolvent",267046,"LINHART, Jiří; PETRUSEK, Miloslav; VODÁKOVÁ, Alena; MAŘÍKOVÁ, Hana. <span class=""searchmatch"">Velký</span> <span class=""searchmatch"">sociologický</span> <span class=""searchmatch"">slovník</span> I. 1. vyd. Praha: Karolinum, 1996. 2 svazky (747 s.). ISBN 80-7184-311-3"
"23","Racionalita",512225,"Historisches Wörterbuch der Philosophie, sv. 8, sl. 45-49. Petrusek, <span class=""searchmatch"">Velký</span> <span class=""searchmatch"">sociologický</span> <span class=""searchmatch"">slovník</span>, str. 906.Dostupné online Fialová, H.,Fiala J., Malý ekonomický"
"24","Sociální struktura",47046,"Portál, 2001. ISBN 80-7178-535-0.  LINHART, Jiří; VODÁKOVÁ, Alena. <span class=""searchmatch"">Velký</span> <span class=""searchmatch"">sociologický</span> <span class=""searchmatch"">slovník</span>. Příprava vydání Pavel Klener. Praha: Karolinum, 1996. ISBN 80-7184-311-3"
"25","Chudoba",58570," <span class=""searchmatch"">Velký</span> <span class=""searchmatch"">sociologický</span> <span class=""searchmatch"">slovník</span>. 1. část. vyd. Praha: Karolinum, 1996. ISBN 80-7184-310-5. S. 153.  LINHART, J; PETRUSEK, M. <span class=""searchmatch"">Velký</span> <span class=""searchmatch"">sociologický</span> <span class=""searchmatch"">slovník</span>. 1"
"26","Individualismus",157761,"virtues and the creation of prosperity. London 1995 M. Petrusek, <span class=""searchmatch"">Velký</span> <span class=""searchmatch"">sociologický</span> <span class=""searchmatch"">slovník</span> I.. Praha: Karolinum 1998. Heslo Individualismus, str. 421 A."
"27","Agrese",57328,"snáze odradila potenciálního nepřítele či predátora. M. Petrusek, <span class=""searchmatch"">Velký</span> <span class=""searchmatch"">sociologický</span> <span class=""searchmatch"">slovník</span> I., str. 44. Dostupné online Encyklopedický slovník ED, Praha"
"28","Klika (sociologie)",254937,"M. Petrusek (red.), <span class=""searchmatch"">Velký</span> <span class=""searchmatch"">sociologický</span> <span class=""searchmatch"">slovník</span> I. Praha: Karolinum 1996. Heslo Klika. Petrusek a kol., <span class=""searchmatch"">Velký</span> <span class=""searchmatch"">sociologický</span> <span class=""searchmatch"">slovník</span> I. 489. Mafie Slovníkové"
"29","Revoluce",9839,"80-7277-209-0. S. 395. (česky)  LINHART, Jiří; VODÁKOVÁ, Alena. <span class=""searchmatch"">Velký</span> <span class=""searchmatch"">sociologický</span> <span class=""searchmatch"">slovník</span>: II. svazek. P-Ž. Praha: Karolinum, 1996. 934 s. ISBN 80-7184-310-5"
"30","Panství (sociologie)",1340305,"403636137  <span class=""searchmatch"">Velký</span> <span class=""searchmatch"">sociologický</span> <span class=""searchmatch"">slovník</span>. Vyd. 1. vyd. Praha: Karolinum 2 volumes s. ISBN 8071843113. OCLC 37945300  <span class=""searchmatch"">Velký</span> <span class=""searchmatch"">sociologický</span> <span class=""searchmatch"">slovník</span>. Vyd. 1. vyd"
"31","Realismus a nominalismus",207311,"B 113 aj. Tomáš Akv., Summa contra gentiles III, 26 Petrusek, <span class=""searchmatch"">Velký</span> <span class=""searchmatch"">sociologický</span> <span class=""searchmatch"">slovník</span>. Heslo Realismus, str. 910. KUBÁTOVÁ, Helena; ZNEBEJÁNEK, František"
"32","Veřejné mínění",1153979,"specializované agentury, jako např. SC&amp;C, TNS AISA či agentura STEM. <span class=""searchmatch"">Velký</span> <span class=""searchmatch"">sociologický</span> <span class=""searchmatch"">slovník</span>. Praha: Karolinum, 1996. ISBN 80-7184-164-1 REIFOVÁ, I. (2004)"
"33","Instituce",247494,"J., Úvod do sociologie. Praha: SLON 1995 Petrusek, M. (red.), <span class=""searchmatch"">Velký</span> <span class=""searchmatch"">sociologický</span> <span class=""searchmatch"">slovník</span> I. Praha: Karolinum 1996, heslo Instituce, str. 435 Ritter – Gründer"
"34","Homo duplex",1246577,"- je “postavena na odřeknutí instinktu”. PETRUSEK, Miloslav. <span class=""searchmatch"">Velký</span> <span class=""searchmatch"">sociologický</span> <span class=""searchmatch"">slovník</span>. Praha: Karolinum, 1997. S. 380.  KELLER, Jan. Dějiny klasické"
"35","Teorie komunikace",1542623,"Vodáková, <span class=""searchmatch"">Velký</span> <span class=""searchmatch"">sociologický</span> <span class=""searchmatch"">slovník</span>, Praha: Karolinum, 1996, p. 1293. PETRUSEK, Miloslav, MAŘÍKOVÁ, Hana, VODÁKOVÁ, Alena. <span class=""searchmatch"">Velký</span> <span class=""searchmatch"">sociologický</span> <span class=""searchmatch"">slovník</span>. Praha:"
"36","Strach",175545,"Academia, 2000. ISBN 80-200-0763-6. Kapitola Strach, s. 255-258.  <span class=""searchmatch"">Velký</span> <span class=""searchmatch"">sociologický</span> <span class=""searchmatch"">slovník</span>. Praha: Karolinum, 1996. ISBN 80-7184-311-3. S. 1230.  VONDRÁČEK"
"37","Oportunismus",238665,"doby, heslo Oportunismus, Sv. 8, str. 764 M. Petrusek (vyd.), <span class=""searchmatch"">Velký</span> <span class=""searchmatch"">sociologický</span> <span class=""searchmatch"">slovník</span> I. Praha: Karolinum 1996. Heslo Oportunismus, str. 720 Petit Robert"
"38","Politická sociologie",1156083,"Miloslav. <span class=""searchmatch"">Velký</span> <span class=""searchmatch"">sociologický</span> <span class=""searchmatch"">slovník</span> II. Praha: Karolinum, 1996. ISBN 80-7184-311-3. S. 1118.  LINHART, Jiří; VODÁKOVÁ, Alena; PETRUSEK, Miloslav. <span class=""searchmatch"">Velký</span> sociologický"
"39","Anketa",264061,"atd.) Interview Průzkum veřejného mínění M. Petrusek (vyd.), <span class=""searchmatch"">Velký</span> <span class=""searchmatch"">sociologický</span> <span class=""searchmatch"">slovník</span>. Praha: Karolinum 1996. Heslo Anketa, str. 76. Slovníkové heslo"
"40","Proletariát",242576,"doby, svazek 9, str. 174 – heslo Proletariát M. Petrusek (vyd.): <span class=""searchmatch"">Velký</span> <span class=""searchmatch"">sociologický</span> <span class=""searchmatch"">slovník</span>, II., str. 863 – heslo Proletariát Internacionála (politika) Komunismus"
"41","Emigrace",55021,"nakladatelství (SLON) 204 s. s. ISBN 9788074191022. OCLC 798994050  <span class=""searchmatch"">Velký</span> <span class=""searchmatch"">sociologický</span> <span class=""searchmatch"">slovník</span> / 2 P - Ž. Vyd. 1. vyd. Praha: Univ. Karlova, Vyd. Karolinum S"
"42","Submisivita",1199130,"slovník pro zdravotní sestry. Heslo Submisivní, str. 368. Petrusek, <span class=""searchmatch"">Velký</span> <span class=""searchmatch"">sociologický</span> <span class=""searchmatch"">slovník</span> II., heslo Submise, str. 1250. WEINBERG, Martin S.; WILLIAMS,"
"43","Charisma",148987,"slovník naučný, heslo Charisma. Sv. 12, str. 66 M. Petrusek (vyd.), <span class=""searchmatch"">Velký</span> <span class=""searchmatch"">sociologický</span> <span class=""searchmatch"">slovník</span>. Praha: Karolinum 1996. Heslo &quot;Charisma&quot;. sv. I., str. 400. R"
"44","Samovýběr",1248206,"MAŘÍKOVÁ, Hana, Miloslav PETRUSEK, Alena VODÁKOVÁ a kolektiv. <span class=""searchmatch"">Velký</span> <span class=""searchmatch"">sociologický</span> <span class=""searchmatch"">slovník</span>. 1. Praha: Karolinum, 1996, s. 965. ISBN 8071843105 Self-selection"
"45","Dyáda",1247440,"struktur. LINHART, Jiří, Alena VODÁKOVÁ a Miloslav PETRUSEK a kol. <span class=""searchmatch"">Velký</span> <span class=""searchmatch"">sociologický</span> <span class=""searchmatch"">slovník</span>. Praha: Karolinum, 1996. ISBN 80-7184-311-3. S. 231.  ADLER, Paul"
"46","Národnost",85886,"Český statistický úřad A.Giddens,Sociologie, Argo, Praha, 1999 <span class=""searchmatch"">Velký</span> <span class=""searchmatch"">sociologický</span> <span class=""searchmatch"">slovník</span>, Univerzita Karlova, Karolinum, Praha, 1996 Národ Nacionalismus"
"47","Diaspora",233082,"Cambridge: Cambridge University Press 688 s. ISBN 9780521540469.  <span class=""searchmatch"">Velký</span> <span class=""searchmatch"">sociologický</span> <span class=""searchmatch"">slovník</span> / 1 A - O.. 1. vyd. Praha: Karolinum 747 s. Dostupné online. ISBN"
"48","Byrokracie",58671,"institut, 202. ISBN 80-86389-22-7. S. 205.  PETRUSEK, Miloslav. <span class=""searchmatch"">Velký</span> <span class=""searchmatch"">sociologický</span> <span class=""searchmatch"">slovník</span>. Praha: Sociologický ústav AV ČR, Univerzita Karlova, Karolinum"
"49","Sociometrie",90709,"263 s.  PETRUSEK, M., LINHART, J., VODÁKOVÁ, A., MAŘÍKOVÁ, H. <span class=""searchmatch"">Velký</span> <span class=""searchmatch"">sociologický</span> <span class=""searchmatch"">slovník</span>. 2.. vyd. Praha: Karolinum, 1996. ISBN 80-7184-310-5. S. 1183"
"50","Neúplná rodina",1049917,"často přechodným způsobem rodinného života. PETRUSEK, Miroslav. <span class=""searchmatch"">Velký</span> <span class=""searchmatch"">sociologický</span> <span class=""searchmatch"">slovník</span>. Praha: Karolinum, 1996. ISBN 8071841641. S. 943.  MOŽNÝ, Ivo"
"51","Referenční skupina",1044479,"978-80-87029-10-7. S. 124.  PETRUSEK, Miloslav; MAŘÍKOVÁ, Hana. <span class=""searchmatch"">Velký</span> <span class=""searchmatch"">sociologický</span> <span class=""searchmatch"">slovník</span>. 1.. vyd. Praha: Karolinum, 1996. ISBN 80-7184-311-3. S. 994. "
"52","Autorita",193688,"S. 139.  LINHART, Jiří; VODÁKOVÁ, Alena; PETRUSEK, Miloslav. <span class=""searchmatch"">Velký</span> <span class=""searchmatch"">sociologický</span> <span class=""searchmatch"">slovník</span>. Praha: Karolinum, 1996. S. 117.  Ainsi parle le chef. Paris 1983"
"53","Komunita",71690,"Linhart, J., Petrusek, M., Vodáková, A., Maříková, Hana.1996. <span class=""searchmatch"">Velký</span> <span class=""searchmatch"">sociologický</span> <span class=""searchmatch"">slovník</span>. Praha: Karolinum. ISBN 80-7184-310-5. Dostupné online Hartl,"
"54","Nepotismus",31856,"zločineckých organizací. Protekcionismus Diskriminace Klientelismus <span class=""searchmatch"">Velký</span> <span class=""searchmatch"">sociologický</span> <span class=""searchmatch"">slovník</span>. Praha: Karolinum, 1996. ISBN 80-7184-311-3. S. 682.  https://phys"
"55","Základna a nadstavba",259741,"Dostupné online [cit. 2017-11-30]. (anglicky)  PETRUSEK, a kol. <span class=""searchmatch"">Velký</span> <span class=""searchmatch"">sociologický</span> <span class=""searchmatch"">slovník</span> II. 1. vydání. vyd. Praha: Karolinum, 1996. 1629 s. ISBN 80-7184-310-5"
"56","Genderová identita",383844,"Str. 109. LINHART, Jiří, Alena VODÁKOVÁ a Miloslav PETRUSEK. <span class=""searchmatch"">Velký</span> <span class=""searchmatch"">sociologický</span> <span class=""searchmatch"">slovník</span>. Praha: Karolinum, 1996. ISBN 80-7184-311-3. Str. 339 en.wikipedia"
"57","Dezurbanizace",1452271,"1177/000271628045100103 MAŘÍKOVÁ, Hana, Miloslav PETRUSEK a Alena VODÁKOVÁ. <span class=""searchmatch"">Velký</span> <span class=""searchmatch"">sociologický</span> <span class=""searchmatch"">slovník</span>: II. svazek, P-Ž. Praha: Karolinum, 1996. ISBN 80-7184-310-5 SOBOTOVÁ"
"58","Společenská regulace",429894,"regulace cen „přirozených monopolů“ patří do této skupiny. Petrusek, <span class=""searchmatch"">Velký</span> <span class=""searchmatch"">sociologický</span> <span class=""searchmatch"">slovník</span> II., str. 917). M. Žák, Velký ekonomický slovník, str. 656. Snad"
"59","Anomie",131740,"Bauer, Wörterbuch zum NT. Berlin 1937, sl. 119n. PETRUSEK A KOL. <span class=""searchmatch"">Velký</span> <span class=""searchmatch"">sociologický</span> <span class=""searchmatch"">slovník</span> I (A-O). Praha: Karolinum, 1996.  GIDDENS, Anthony. Sociologie"
"60","Sociální norma",279678,"oblékání. Není zcela běžné, aby muži nosili sukni. PETRUSEK. <span class=""searchmatch"">Velký</span> <span class=""searchmatch"">sociologický</span> <span class=""searchmatch"">slovník</span>. s. 692-694. VÝROST. Sociální psychologie. s. 288-289. VEČEŘA"
"61","Sociologie města",576670,"nakladatelství (SLON), 2013. ISBN 978-80-7419-162-6  PETRUSEK. <span class=""searchmatch"">Velký</span> <span class=""searchmatch"">sociologický</span> <span class=""searchmatch"">slovník</span>. Praha: Karolinum, 1996. ISBN 80-7184-164-1.  1. FERENČUHOVÁ,"
"62","Subkultura",232927,"Sociologický slovník. Praha: Portál, 2001. S. 243.  PETRUSEK, Miloslav. <span class=""searchmatch"">Velký</span> <span class=""searchmatch"">sociologický</span> <span class=""searchmatch"">slovník</span>, str. 1248. Svazek 2.. Praha: Karolinum, 1996. Dostupné online"
"63","Hodnoty",91854,"hrozí zneužití svěřených prostředků a moci. M. Petrusek a kol., <span class=""searchmatch"">Velký</span> <span class=""searchmatch"">sociologický</span> <span class=""searchmatch"">slovník</span> II. Praha 1999, str. 376n. V. Hála, Možnosti hodnotové etiky."
"64","Manifestní a latentní funkce",1048015,"]: Grada, 2010. ISBN 978-80-247-2457-7.  PETRUSEK, Miloslav. <span class=""searchmatch"">Velký</span> <span class=""searchmatch"">sociologický</span> <span class=""searchmatch"">slovník</span>. I., II.. vyd. Praha: Karolinum, 1996. ISBN 80-7184-310-5.  JANDOUREK"
"65","Modernizace",612390,"nakladatelství, 2007. ISBN 978-80-86429-66-3.  WINKLER, Jiří. <span class=""searchmatch"">Velký</span> <span class=""searchmatch"">sociologický</span> <span class=""searchmatch"">slovník</span>. Praha: Karolinum ISBN 80-7184-164-1/ 311-2. S. 644.  KELLER,"
"66","Partnerství",911375,"a v Norsku, Švédsku, Dánsku a na Islandu. M. Petrusek (red.), <span class=""searchmatch"">Velký</span> <span class=""searchmatch"">sociologický</span> <span class=""searchmatch"">slovník</span>. Heslo Partnerství sociální,. str. 757. An Exploratory Investigation"
"67","Důvěra",403326,"Pascala v 16.století, který ji pojímá jako spojení víry a rizika. <span class=""searchmatch"">Velký</span> <span class=""searchmatch"">sociologický</span> <span class=""searchmatch"">slovník</span> vymezuje důvěru jako „typ postoje a zároveň mezilidského vztahu"
"68","Aha efekt",1148786,"2015 [cit. 26.11.2015]. Dostupné online.  PETRUSEK, Miroslav. <span class=""searchmatch"">Velký</span> <span class=""searchmatch"">sociologický</span> <span class=""searchmatch"">slovník</span>. 1.. vyd. Praha: Karolinum, 1996. 747 s. ISBN 80-7184-164-1. S"
"69","Kvantitativní výzkum",7494,"sociologická znalost. Praha: Karolinum 2011 M. Petrusek (red.), <span class=""searchmatch"">Velký</span> <span class=""searchmatch"">sociologický</span> <span class=""searchmatch"">slovník</span>. Heslo Metody sociologické. Sv. I., str. 622n. Punch, K.F., Úspěšný"
"70","Absurdno",15421,"LINHART, Jiří; PETRUSEK, Miloslav; VODÁKOVÁ, Alena; MAŘÍKOVÁ, Hana. <span class=""searchmatch"">Velký</span> <span class=""searchmatch"">sociologický</span> <span class=""searchmatch"">slovník</span> I.. I.. vyd. Praha: Karolinum, 1996. 2 svazky (747 s.). ISBN 80-7184-311-3"
"71","Aktér (sociologie)",831626,"rámci sociálního systému. VODÁKOVÁ, Alena; PETRUSEK, Miloslav. <span class=""searchmatch"">Velký</span> <span class=""searchmatch"">sociologický</span> <span class=""searchmatch"">slovník</span> / 1 A - O.. Vyd. 1. vyd. Praha: Univ. Karlova, Vyd. Karolinum"
"72","Členská skupina",70287,"přichází sociální vykořenění, frustrace a stres. PETRUSEK, Miloslav. <span class=""searchmatch"">Velký</span> <span class=""searchmatch"">sociologický</span> <span class=""searchmatch"">slovník</span>. Praha: Karolinum, 1996. ISBN 80-7184-164-1.  NOVOTNÁ, Eliška"
"73","Sociální řád",1155020,"uvádí jako prostředek k provedení určitých změn v sociálním řádu. <span class=""searchmatch"">Velký</span> <span class=""searchmatch"">sociologický</span> <span class=""searchmatch"">slovník</span>. Vyd. 1. Praha: Karolinum, 1996, S. 749-1627. ISBN 80-7184-310-5"
"74","Strukturální funkcionalismus",60192,"dysfunkce, které představuje pro ženy. PETRUSEK A KOL., Miloslav. <span class=""searchmatch"">Velký</span> <span class=""searchmatch"">sociologický</span> <span class=""searchmatch"">slovník</span>, I., II.. Praha: Karolinum, 1996. S. 328.  MACIONIS, Gerber. Sociology"
"75","Vzdělávání dospělých",1157199,"Olomouc : Daha, 1997. 159 s. ISBN 80-902232-1-4 PETRUSEK, Miloslav, <span class=""searchmatch"">Velký</span> <span class=""searchmatch"">sociologický</span> <span class=""searchmatch"">slovník</span>, Praha : Karolinum, 1996. 749 s. ISBN 80-7184-310-5 PRŮCHA, J"
"76","Svátek (sociologie)",1247599,"PETRUSEK, M. <span class=""searchmatch"">Velký</span> <span class=""searchmatch"">sociologický</span> <span class=""searchmatch"">slovník</span> II.. Praha: Karolinum, 1996. ISBN 80-7184-310-5. S. 1253.  LINHART J.; PETRUSEK M. <span class=""searchmatch"">Velký</span> <span class=""searchmatch"">sociologický</span> <span class=""searchmatch"">slovník</span> II. Praha:"
"77","Etnocentrismus",59030,"Atlantis, 1999. ISBN 80-7108-138-8. S. 15.  PETRUSEK, Miroslav. <span class=""searchmatch"">Velký</span> <span class=""searchmatch"">sociologický</span> <span class=""searchmatch"">slovník</span>. Praha: Karolinum, 1996. S. 278.  GIDDENS, Anthony. Sociologie"
"78","Rodina",42966,"patriarchální), polyandrická, případně neúplná rodina s jedním rodičem. <span class=""searchmatch"">Velký</span> <span class=""searchmatch"">sociologický</span> <span class=""searchmatch"">slovník</span> vymezuje rodinu jako „původní a nejdůležitější společenskou skupinu"
"79","Falzifikovatelnost",8983,"Lab, Stanford University Dostupné online.  PETRUSEK, Miloslav. <span class=""searchmatch"">Velký</span> <span class=""searchmatch"">sociologický</span> <span class=""searchmatch"">slovník</span>. Praha: Karolinum, 1996. S. pp. 303–304..  PSTRUŽINA, Karel. Atlas"
"80","Pauperizace",593432,"rodin do této kategorie, ale jde i o nutné výdaje např. za léčbu. <span class=""searchmatch"">Velký</span> <span class=""searchmatch"">sociologický</span> <span class=""searchmatch"">slovník</span> , heslo Pauperizace. MAREŠ, Petr. Sociologie nerovnosti a chudoby"
"81","Jednání",689674,"Ministerstva kultury ČR E13559, str. 1 - 11 PETRUSEK, Miloslav. <span class=""searchmatch"">Velký</span> <span class=""searchmatch"">sociologický</span> <span class=""searchmatch"">slovník</span>. 1. vyd. Praha: Karolinum, 1996. ISBN 80-7184-164-1. S. 462. "
"82","Sociální kapitál",43050,"tím, jak vznikala data, ze kterých jsou konstruována. Petrusek, <span class=""searchmatch"">Velký</span> <span class=""searchmatch"">sociologický</span> <span class=""searchmatch"">slovník</span> I., str. 475. MOHAN, Giles, STOKKE, Kristian. Participatory development"
"83","Občanská společnost",305432,"rozpočtu. LINHART, Jiří; VODÁKOVÁ, Alena; PETRUSEK, Miloslav a kol. <span class=""searchmatch"">Velký</span> <span class=""searchmatch"">sociologický</span> <span class=""searchmatch"">slovník</span>. Praha : Karolinum, 1996. 1627 s. ISBN 80-7184-311-3. s. CABADA"
"84","Matoušův efekt",1154825,"LINHART, J.; PETRUSEK, M.; VODÁKOVÁ, A., Maříková, H. <span class=""searchmatch"">Velký</span> <span class=""searchmatch"">sociologický</span> <span class=""searchmatch"">slovník</span>. Praha: Karolinum, 1996. ISBN 80-7184-310-5. S. 235.  MUDRÁK,"
"85","Protestantská etika a duch kapitalismu",279001,"org [cit. 2016-05-24]. Dostupné online.  PETRUSEK, Miloslav. <span class=""searchmatch"">Velký</span> <span class=""searchmatch"">sociologický</span> <span class=""searchmatch"">slovník</span> 1. svazek. Praha: Karolinum, vydavatelství UK, 1996. ISBN 80-7184-164-1"
"86","Ideální typ",420275,"Dahrendorfa. LINHART, Jiří, Alena VODÁKOVÁ a Miloslav PETRUSEK (red.), <span class=""searchmatch"">Velký</span> <span class=""searchmatch"">sociologický</span> <span class=""searchmatch"">slovník</span>: II. svazek P-Z. Vyd. 1. Praha: Karolinum, 1996, s. 1341–1342"
"87","Coil system",1453083,"podniku nebo jakékoliv jiné organizace. PETRUSEK A KOL., Miloslav. <span class=""searchmatch"">Velký</span> <span class=""searchmatch"">sociologický</span> <span class=""searchmatch"">slovník</span>. Praha: Univerzita Karlova vydavatelství Karolinum, 1996. 1627 s"
"88","Urbanizace",81601,"9789211515176. OCLC 891195767  LINHART, PETRUSEK, VODÁKOVÁ, MAŘÍKOVÁ. <span class=""searchmatch"">Velký</span> <span class=""searchmatch"">sociologický</span> <span class=""searchmatch"">slovník</span>. Praha: Karolínum, 1996.  1937-, Kašparovský, Karel,. Zeměpis"
"89","Dotazníkové šetření",1001720,"jsou výsledky výzkumu často založeny jen na ½ původního vzorku.  <span class=""searchmatch"">Velký</span> <span class=""searchmatch"">sociologický</span> <span class=""searchmatch"">slovník</span>. 1.. vyd. Praha: Karolinum, 1996. ISBN 80-7184164-1. S. 222-223"
"90","Demagogie",81349,"Populismus Logický klam Propaganda Rétorika M. Petrusek (vyd.), <span class=""searchmatch"">Velký</span> <span class=""searchmatch"">sociologický</span> <span class=""searchmatch"">slovník</span>, heslo Demagogie. I. 180. American Demagogues - Reinhard Luthin"
"91","Deviace (sociologie)",391956,"geografie. Historická geografie. 2014, roč. 40, čís. 1.  M. Petrusek, <span class=""searchmatch"">Velký</span> <span class=""searchmatch"">sociologický</span> <span class=""searchmatch"">slovník</span>, str. 1185. Hrčka, M. Sociální deviace. Praha: Sociologické nakladatelství"
"92","Paul Felix Lazarsfeld",821600,"chronologickém pořadí jeho nejvýznamnější publikace, jak je uvádí <span class=""searchmatch"">Velký</span> <span class=""searchmatch"">sociologický</span> <span class=""searchmatch"">slovník</span> Miloslava Petruska. Radio and the Printed Page, 1940 Radio Research"
"93","Etnometodologie",146847,"Studies in ethnomethodology. Cambridge 2002 M. Petrusek (vyd.), <span class=""searchmatch"">Velký</span> <span class=""searchmatch"">sociologický</span> <span class=""searchmatch"">slovník</span>, heslo „Etnometodologie“ (I. 283n) Etnologie Abstrakt Garfinkelova"
"94","Moderní společnost",1154750,"znehodnocuje hodnoty, které nelze vyjádřit penězi). PETRUSEK, Miloslav. <span class=""searchmatch"">Velký</span> <span class=""searchmatch"">sociologický</span> <span class=""searchmatch"">slovník</span>. Praha: Karolinum, 1996. 1627 s. ISBN 80-7184-164-1. S. 111-117"
"95","Sociální role",132447,"80-901059-7-1 LINHART, J., PETRUSEK, M., VODÁKOVÁ, A., MAŘÍKOVÁ, H. <span class=""searchmatch"">Velký</span> <span class=""searchmatch"">sociologický</span> <span class=""searchmatch"">slovník</span>. Karolinum 1996, 1. vydání, 747 str. ISBN 80-7184-164-1 Teorie"
"96","Utopie",60174,"spisy. Praha: Státní nakladatelství politické literatury, 1960 <span class=""searchmatch"">Velký</span> <span class=""searchmatch"">sociologický</span> <span class=""searchmatch"">slovník</span>, heslo Utopie (II. 1362) Étienne-Gabriel Morelly, komunitárny"
"97","Veřejný zájem",281914,"sociální spravedlnost udržitelný rozvoj veřejné zdraví obyvatelstva <span class=""searchmatch"">Velký</span> <span class=""searchmatch"">sociologický</span> <span class=""searchmatch"">slovník</span> / 2 P - Ž. Vyd. 1. vyd. Praha: Univ. Karlova, Vyd. Karolinum S"
"98","Globální město",1049896,"world affairs 9 (2) zima/jaro 2005, 27–40. Petrusek a kol. 1996. <span class=""searchmatch"">Velký</span> <span class=""searchmatch"">sociologický</span> <span class=""searchmatch"">slovník</span>, I, II, Karolinum What makes a city 'global'? Xander Byng: Is"
"99","Koloběh elit",1245817,"<span class=""searchmatch"">Velký</span> <span class=""searchmatch"">sociologický</span> <span class=""searchmatch"">slovník</span>. Praha: Karolinum, 1996. 1 sv. 747 s. ISBN 80-7184-164-1.  PETRUSEK, Miloslav; VODÁKOVÁ, Alena. <span class=""searchmatch"">Velký</span> <span class=""searchmatch"">sociologický</span> <span class=""searchmatch"">slovník</span>"
"100","Mír",23988,"Praha 1999; I. Kant, Metaphysik der Sitten. M. Petrusek (red.), <span class=""searchmatch"">Velký</span> <span class=""searchmatch"">sociologický</span> <span class=""searchmatch"">slovník</span>, heslo Teorie míru. Sv. II., str. 1296nn. https://archive.is/20120529015722/www"
"101","Dělba práce",257202,"Durkheim, Společenská dělba práce. Brno: CDK 2004 M. Petrusek, <span class=""searchmatch"">Velký</span> <span class=""searchmatch"">sociologický</span> <span class=""searchmatch"">slovník</span> I., Praha: Karolinum 1996, heslo „dělba práce“. J.-P. Séris, Qu´est"
"102","Pozitivismus",8338,"Francii: Comte&quot; a „Anglický pozitivismus&quot; jsou na str. 356–370.] <span class=""searchmatch"">Velký</span> <span class=""searchmatch"">sociologický</span> <span class=""searchmatch"">slovník</span>, hesla Naturalismus pozitivistický, Sociologie pozitivistická"
"103","Sekularizace",238837,"37 (2):249-53. (1998) Alena Vodáková, Miloslav Petrusek (red.: <span class=""searchmatch"">Velký</span> <span class=""searchmatch"">sociologický</span> <span class=""searchmatch"">slovník</span>, Karolinum 1996, str. 977. Nešpor-Lužný (2007). Sociologie náboženství"
"104","Chicagská škola (sociologie)",96804,"PRaha: ISS FSV UK, 1993. Kapitola 2, s. 33.  Petrusek a ol. 1996. <span class=""searchmatch"">Velký</span> <span class=""searchmatch"">sociologický</span> <span class=""searchmatch"">slovník</span>, I, II,Karolinum Jeřábek, H., J. Remr(eds.)(1993)Klasické sociologické"
"105","Základní atribuční chyba",251033,"Portál, 2001. 286 s. ISBN 80-7178-535-0. Univerzita Karlova. <span class=""searchmatch"">Velký</span> <span class=""searchmatch"">sociologický</span> <span class=""searchmatch"">slovník</span>. I, A-O. 1. vyd. Praha : Karolinum, 1996. 747 s. ISBN 80-7184-164-1"
"106","Diskurz",260877,"mediální komunikace. [s.l.]: Portál ISBN 8071789267. OCLC 60653763  <span class=""searchmatch"">Velký</span> <span class=""searchmatch"">sociologický</span> <span class=""searchmatch"">slovník</span> / 1 A - O.. Vyd. 1. vyd. Praha: Univ. Karlova, Vyd. Karolinum"
"107","Normativní etika",1048380,"H. Mařáková, M. Petrusek a A. Vodáková, „Normativní etika,“ v <span class=""searchmatch"">Velký</span> <span class=""searchmatch"">sociologický</span> <span class=""searchmatch"">slovník</span>, Praha, Karolinum, 1996, pp. 213–214. N. Athanassoulis. Virtue"
"108","Miloslav Petrusek",189709,"1994. Sociologie, literatura a politika. Karolinum, Praha 1996. <span class=""searchmatch"">Velký</span> <span class=""searchmatch"">sociologický</span> <span class=""searchmatch"">slovník</span>. Karolinum, Praha 1996. Společnosti pozdní doby. SLON, Praha 2006"
"109","Retreatismus",590633,"postava tuláka v romantismu). Winkler, Jiří - Petrusek, Miloslav: <span class=""searchmatch"">Velký</span> <span class=""searchmatch"">sociologický</span> <span class=""searchmatch"">slovník</span>. Praha : Karolinum Praha, 1997. 598 s. Academia. ISBN 80-7184-164-1"
"110","Intersexuál",1157604,"https://unfe.org/system/unfe-65-Intersex_Factsheet_ENGLISH.pdf <span class=""searchmatch"">Velký</span> <span class=""searchmatch"">sociologický</span> <span class=""searchmatch"">slovník</span>. 1. Praha: Karolinum, 1997. ISBN 8071843113. Intersexualita. Velký"
"111","Anthony Giddens",334767,"Anthony. Sociologie. Praha: Argo, 1999. ISBN 9788072031245.  <span class=""searchmatch"">Velký</span> <span class=""searchmatch"">sociologický</span> <span class=""searchmatch"">slovník</span>. Praha: Karolinum, 1996. ISBN 8071841641.  Václav Klaus: Třetí"
"112","Případová studie",975561,"243 s. ISBN 80-7184-549-3.  VODÁKOVÁ, Alena; PETRUSEK, Miloslav. <span class=""searchmatch"">Velký</span> <span class=""searchmatch"">sociologický</span> <span class=""searchmatch"">slovník</span>. Praha: Karolinum, 1996. ISBN 80-7184-310-5.  HENDL, Jan. Kvalitativní"
"113","Reflexivita (sociologie)",880367,"net/archiv/nms/02_03/inFrames/archiv/ref_heinrich.htm PETRUSEK, Miloslav a kol. <span class=""searchmatch"">Velký</span> <span class=""searchmatch"">sociologický</span> <span class=""searchmatch"">slovník</span> II. 1. vyd. Praha: Karolinum, 1996. s. 913. ISBN 80-7184-310-5"
"114","Gemeinschaft a Gesellschaft",1154626,"stratifikace (vlastnické, výdělečné a sociální třídy). PETRUSEK,M. 1996. <span class=""searchmatch"">Velký</span> <span class=""searchmatch"">sociologický</span> <span class=""searchmatch"">slovník</span>. Praha: Karolinum. ISBN 80-7184-310-5. Str. 338n. GIDDENS, A."
"115","Apropriace",534239,"naučný, heslo Appropriace. Sv. 2, str. 546 M. Petrusek (red.), <span class=""searchmatch"">Velký</span> <span class=""searchmatch"">sociologický</span> <span class=""searchmatch"">slovník</span>. Praha 1996. Heslo Vlastnictví, II. 1388 &quot;Apropriace.&quot; Výkladový"
"116","Tazatel",1249591,"školení nebo úspěšné provedení testovací práce. PETRUSEK, Miloslav. <span class=""searchmatch"">Velký</span> <span class=""searchmatch"">sociologický</span> <span class=""searchmatch"">slovník</span>. 1. vyd. Praha: Karolinum, 1996.  RENÁTA, Sedláková. Výzkum médií:"
"117","Smrt",31742,"Praha: NIDM, 2008. Dostupné v archivu pořízeném dne 2013-01-14.  <span class=""searchmatch"">Velký</span> <span class=""searchmatch"">sociologický</span> <span class=""searchmatch"">slovník</span>. Praha: Karolinum, 1996. ISBN 80-7184-311-3. S. 1001.  JANDOUREK"
"118","Konsenzus",85591,"slovník cizích slov, Academia, Praha, 2005 MAŘÍKOVÁ, Hana a kol. <span class=""searchmatch"">Velký</span> <span class=""searchmatch"">sociologický</span> <span class=""searchmatch"">slovník</span>: Konsensus. Praha: Karolinum, 1996. 747 s. ISBN 80-7184-164-1"
"119","Brainstorming",172024,"Gruppen. Marburg: Tectum, 2007. ISBN 3-8288-9332-5.  KOL. AUTORŮ. <span class=""searchmatch"">Velký</span> <span class=""searchmatch"">sociologický</span> <span class=""searchmatch"">slovník</span>. [s.l.]: SLON, 1998.  Obrázky, zvuky či videa k tématu brainstorming"
"120","Reprezentativita",1249005,"Linhart, J., Petrusek, M., Vodáková, A., Maříková, Hana.1996. <span class=""searchmatch"">Velký</span> <span class=""searchmatch"">sociologický</span> <span class=""searchmatch"">slovník</span>. Praha: Karolinum. ISBN 80-7184-310-5. Moser, C. A. 1966. Survey"
"121","Gustave Le Bon",161075,"KELLER, Jan. Dějiny klasické sociologie. [s.l.]: [s.n.] S. 465.  <span class=""searchmatch"">Velký</span> <span class=""searchmatch"">sociologický</span> <span class=""searchmatch"">slovník</span>. [s.l.]: [s.n.] S. 167.  KELLER, Jan. Dějiny klasické sociologie"
"122","Ferdinand Tönnies",56378,"2020-06-24]. Dostupné online.  Maříková H., Petrusek, M., Vodáková, A., <span class=""searchmatch"">Velký</span> <span class=""searchmatch"">sociologický</span> <span class=""searchmatch"">slovník</span>, Praha: Karolinum, 1996, 338–339 s., ISBN 80-7184-164-1 Mucha"
"123","Důsledky modernity",1343544,"projekt, z pohledu globálních rizik jsou do ní zapojeni všichni. <span class=""searchmatch"">Velký</span> <span class=""searchmatch"">sociologický</span> <span class=""searchmatch"">slovník</span> / 1 A - O.. Vyd. 1. vyd. Praha: Univ. Karlova, Vyd. Karolinum"
"124","Metodologický individualismus",1050378,"politika, str. 145. Zdůraznění je autorovo. PETRUSEK, Miloslav. <span class=""searchmatch"">Velký</span> <span class=""searchmatch"">sociologický</span> <span class=""searchmatch"">slovník</span> I., Heslo Individualismus metodologický. Praha: Karolinum, 1998"
"125","Sociologie vědy",1153361,"jsou např. etika vědy a controversy studies. PETRUSEK, Miloslav. <span class=""searchmatch"">Velký</span> <span class=""searchmatch"">sociologický</span> <span class=""searchmatch"">slovník</span>. Praha: Karolinum, 1996. ISBN 80-7184-310-5.  PETRUSEK, Miloslav"
"126","Anarchie",52136," Praha: SLON, Sociologické Nakl., 2005. Petrusek, M. (red.), <span class=""searchmatch"">Velký</span> <span class=""searchmatch"">sociologický</span> <span class=""searchmatch"">slovník</span>. Praha: Karolinum 1998. Hesla Anarchismus, Anarchokomunismus Tomek"
"127","Dysfunkce (Merton)",1246670,"80-85605-28-7 Maříková, Hana; Petrusek, Miroslav; Vodáková, Anna – <span class=""searchmatch"">Velký</span> <span class=""searchmatch"">sociologický</span> <span class=""searchmatch"">slovník</span> (1. vydání) Praha: Karolinum 1996, 747 str. ISBN 80-7184-164-1"
"128","Sociologie kultury",1343640,"neuvědomuje si žádné estetické provinění. PETRUSEK, M. a kol., <span class=""searchmatch"">Velký</span> <span class=""searchmatch"">sociologický</span> <span class=""searchmatch"">slovník</span> II. Heslo Sociologie kultury. Praha: Karolinum, 1998. 1627 s. "
"129","Stratifikace národnostního rozložení Číny",1591413,"Affirmative action in China na anglické Wikipedii. LINHART, Jiří. <span class=""searchmatch"">Velký</span> <span class=""searchmatch"">sociologický</span> <span class=""searchmatch"">slovník</span>. [s.l.]: [s.n.] ISBN 80-7184-311-3.  HORÁLEK, Adam. Populačně"
"130","Normalita",79553,"podle projevů, jednání člověka v dané situaci PETRUSEK, Miloslav. <span class=""searchmatch"">Velký</span> <span class=""searchmatch"">sociologický</span> <span class=""searchmatch"">slovník</span>. [s.l.]: Karolinum, 1996. Dostupné online.  BENEDICT, Ruth. Patterns"
"131","Operacionalizace",393128,"  MAŘÍKOVÁ, Hana; PETRUSEK, Miloslav; VODÁKOVÁ, Alena, a kol. <span class=""searchmatch"">Velký</span> <span class=""searchmatch"">sociologický</span> <span class=""searchmatch"">slovník</span>. Praha: Karolinum, 1996. ISBN 80-7184-164-1. S. 717 - 719.  PETRUSEK"
"132","Facebooková skupina",1154575,"978-80-246-2843-1. <span class=""searchmatch"">Velký</span> <span class=""searchmatch"">sociologický</span> <span class=""searchmatch"">slovník</span>. Vyd. 1. Praha : Karolinum, 1996, 747 s. ISBN 80-7184-164-1. <span class=""searchmatch"">Velký</span> <span class=""searchmatch"">sociologický</span> <span class=""searchmatch"">slovník</span>. Vyd. 1. Praha : Karolinum"
"133","Sociální kontrola",683011,"978-80-86761-81-7 Linhart J., Petrusek, M., Vodáková, A., Maříková, H. <span class=""searchmatch"">Velký</span> <span class=""searchmatch"">sociologický</span> <span class=""searchmatch"">slovník</span>. Praha: Karolinum, 1996. ISBN 80-7184-310-5 MUNKOVÁ, Gabriela"
"134","Tvořivost",296549,"Grada, 2006 - 125 s. ; 21 cm ISBN 80-247-1626-7 M. Petrusek, <span class=""searchmatch"">Velký</span> <span class=""searchmatch"">sociologický</span> <span class=""searchmatch"">slovník</span>. Praha: Karolinum 1998. Heslo Kreativita, str. 538. M. Wertheimer"
"135","Dav",150649,"schopností, která překoná všechny překážky. M. Petrusek (red.), <span class=""searchmatch"">Velký</span> <span class=""searchmatch"">sociologický</span> <span class=""searchmatch"">slovník</span>. Praha: Karolinum, 1998. 80-718-4164-1.Dostupné online Podle GEIST"
"136","Metodologický anarchismus",1043810,"Linhart, J., Petrusek, M., Vodáková, A., Maříková, Hana. 1996. <span class=""searchmatch"">Velký</span> <span class=""searchmatch"">sociologický</span> <span class=""searchmatch"">slovník</span>. Praha: Karolinum. ISBN 80-7184-310-5, heslo anarchismus metodologický"
"137","Robert Ezra Park",871587,"Press, 1967. S. 50–53. (anglicky)  PETRUSEK, Miloslav, a kol. <span class=""searchmatch"">Velký</span> <span class=""searchmatch"">sociologický</span> <span class=""searchmatch"">slovník</span>. 1. vyd. Praha: Karolinum, 1996. 2 svazky. ISBN 80-7184-310-5"
"138","Sociologická imaginace",1154649,"LINHART, Jiří, PETRUSEK, Miroslav, VODÁKOVÁ, Anna, MAŘÍKOVÁ, Hana.<span class=""searchmatch"">Velký</span> <span class=""searchmatch"">sociologický</span> <span class=""searchmatch"">slovník</span>. Vyd. 1. Praha: Karolinum, 1996, 747 s. ISBN 80-7184-164-1. Charles"
"139","Opera Nazionale Dopolavoro",1452290,"Linhart, J., Petrusek, M., Vodáková, A., Maříková, Hana. 1996. <span class=""searchmatch"">Velký</span> <span class=""searchmatch"">sociologický</span> <span class=""searchmatch"">slovník</span>. Praha: Karolinum. ISBN 80-7184-310-5. Kallis, Aristotle, ed."
"140","Teorie hájitelného prostoru",1146884,"Creating Defensible Space). PETRUSEK, Miloslav; VODÁKOVÁ, Alena. <span class=""searchmatch"">Velký</span> <span class=""searchmatch"">sociologický</span> <span class=""searchmatch"">slovník</span>. Svazek II. Praha: Karolinum, 1996. S. 409.  ZAPLETAL, Josef;"
"141","Průměrný člověk",1043289,"Criminalis', SUNY Press 1993, ISBN 978-0-7914-1275-6 PETRUSEK a kol. <span class=""searchmatch"">Velký</span> <span class=""searchmatch"">sociologický</span> <span class=""searchmatch"">slovník</span>, Karolinum 1996 EKNOYAN, Garabed, Adolphe Quetelet (1796–1874)—the"
"142","Sociologický ústav Akademie věd České republiky",1247802,"něj do čela ústavu nastupuje Michal Illner. V roce 1996 vychází <span class=""searchmatch"">Velký</span> <span class=""searchmatch"">sociologický</span> <span class=""searchmatch"">slovník</span> a Česká společnost v transformaci a následně v roce 1997 Zpráva"
"143","Pospolitost",889147,"druhého jen jako nástroj k dosažení cílů. M. Petrusek (red.), <span class=""searchmatch"">Velký</span> <span class=""searchmatch"">sociologický</span> <span class=""searchmatch"">slovník</span>. Praha: Karolinum 1998. Heslo Gemeinschaft a Gesellschaft, str"
"144","Stárnutí populace",975145,"výdajů bude nutné např. ve zdravotní péči a v jiných oblastech. <span class=""searchmatch"">Velký</span> <span class=""searchmatch"">sociologický</span> <span class=""searchmatch"">slovník</span>. Praha: Karolinum. [Online]. GÖPFERTOVÁ, Dana, Jan ŠEJDA a Zdeněk"
"145","Zdravý rozum",689932,"PETRUSEK, Miloslav; MAŘÍKOVÁ, Hana; VODÁKOVÁ, Alena (za kolektiv). <span class=""searchmatch"">Velký</span> <span class=""searchmatch"">sociologický</span> <span class=""searchmatch"">slovník</span>. 1. vyd. Praha : Karolinum, 1996. I. svazků (379 s.) ISBN 80-7184-164-1"
"146","Sociální fakt",1049974,"ÚV KSČ, 1969 MAŘÍKOVÁ, H., PETRUSEK, M., VODÁKOVÁ A., a kol.: <span class=""searchmatch"">Velký</span> <span class=""searchmatch"">sociologický</span> <span class=""searchmatch"">slovník</span>. I. svazek A-O. Vyd. 1. Praha: Karolinum, 1996. Strana 303 GIDDENS"
"147","Pole (sociologie)",1343522,"Pravidla umění,“ Antropowebzin, č. 7, p. 29, 2011. M. Petrusek, <span class=""searchmatch"">Velký</span> <span class=""searchmatch"">sociologický</span> <span class=""searchmatch"">slovník</span>, Sv. II. (P-Z), Praha, Praha: Karolinum, 1996. E. Dougherty, „The"
"148","Internalizace",430527,"- 127.  MAŘÍKOVÁ, Hana; PETRUSEK, Miloslav; VODÁKOVÁ, Alena. <span class=""searchmatch"">Velký</span> <span class=""searchmatch"">sociologický</span> <span class=""searchmatch"">slovník</span>. Praha: nakladatelství Karolinum, 1996. ISBN 80-7184-164-1. Všeobecná"
"149","Hawthornský efekt",827827," vyd. Pardubice : Univerzita Pardubice, 2010. 89 s. ISBN 978-80-7395-315-7. S. 35. LINHART, Jiří. <span class=""searchmatch"">Velký</span> <span class=""searchmatch"">sociologický</span> <span class=""searchmatch"">slovník</span>. Praha: Karolinum, 1996."
"150","Masová kultura",319841,"Slovník mediální komunikace. Praha: Portál, 2004. Kol. autorů: <span class=""searchmatch"">Velký</span> <span class=""searchmatch"">sociologický</span> <span class=""searchmatch"">slovník</span>. Praha: Karolinum, 1996. Beauvoir, Simone: Druhé pohlaví. Praha:"
"151","Sociální patologie",214732,"PETRUSEK, M., VODÁKOVÁ, A., MAŘÍKOVÁ, HANA, J.; PETRUSEK, M. <span class=""searchmatch"">Velký</span> <span class=""searchmatch"">sociologický</span> <span class=""searchmatch"">slovník</span>. Praha: Karolinum, 1996. ISBN 80-7184-310-5.  FISHER, Slavomil;"
"152","Ritualismus",1048237," 146-147.  LINHART, Jiří, Alena VODÁKOVÁ a Miloslav PETRUSEK. <span class=""searchmatch"">Velký</span> <span class=""searchmatch"">sociologický</span> <span class=""searchmatch"">slovník</span>. 1. vyd. Praha: Karolinum, 1996, 2 sv. ISBN 80-7184-311-3. s."
"153","Konverzační analýza",1050150,"Conversation. Oxford: Basil Blackwell Petrusek a kol.,(1996), <span class=""searchmatch"">Velký</span> <span class=""searchmatch"">sociologický</span> <span class=""searchmatch"">slovník</span>, I, II, Praha: Karolinum – str. 284 The University of Sheffield"
"154","Třídní vědomí",1452411,"společnosti. LINHART, Jiří; VODÁKOVÁ, Alena; PETRUSEK, Miloslav. <span class=""searchmatch"">Velký</span> <span class=""searchmatch"">sociologický</span> <span class=""searchmatch"">slovník</span> / 2 P - Ž. In: Praha: Univ. Karlova, Vyd. Karolinum, 1996. ISBN"
"155","Kulturní kapitál",43051,"Association, 1988. Dostupné online. (anglicky)  PETRUSEK A OL. <span class=""searchmatch"">Velký</span> <span class=""searchmatch"">sociologický</span> <span class=""searchmatch"">slovník</span> I.. Praha: Karolinum, 1996. Dostupné online. ISBN 80-6184-164-1"
"156","Klepy",1007658,"ze sociologického nebo psychologického hlediska. M. Petrusek, <span class=""searchmatch"">Velký</span> <span class=""searchmatch"">sociologický</span> <span class=""searchmatch"">slovník</span> I., str. 487n., heslo Klepy The Science Behind Why People Gossip—And"
"157","Kapitál (sociologie)",982537,"ochranu proti ztrátám z transakce či investice. PETRUSEK, Miloslav. <span class=""searchmatch"">Velký</span> <span class=""searchmatch"">sociologický</span> <span class=""searchmatch"">slovník</span>. 1.. vyd. Svazek 1.. Praha: Karolinum, 1996. Dostupné online."
"158","Kódování (sociologie)",1247547,"141291146X. MAŘÍKOVÁ, Hana; PETRUSEK, Miloslav; VODÁKOVÁ, Alena. <span class=""searchmatch"">Velký</span> <span class=""searchmatch"">sociologický</span> <span class=""searchmatch"">slovník</span>. 1. vyd. Praha: Karolinum, 1996. 747 s. ISBN 80-7184-164-1.  HENDL"
"159","Funkce a dysfunkce",1247700,"Slovník sociologických pojmů:610 hesel. Praha: Grada, 2012 Petrusek, M. (red.). <span class=""searchmatch"">Velký</span> <span class=""searchmatch"">sociologický</span> <span class=""searchmatch"">slovník</span>. Praha: Karolinum 1998. Portály: Sociologie"
"160","Meritokracie",25667,"článku Meritocracy na anglické Wikipedii. PETRUSEK, Miloslav. <span class=""searchmatch"">Velký</span> <span class=""searchmatch"">sociologický</span> <span class=""searchmatch"">slovník</span>. Praha: Karolinum, 1996. ISBN 80-7184-164-1. S. 747. (česky) "
"161","Politická komunikace",1537668,"9788024735368 PETRUSEK, Miloslav, Hana MAŘÍKOVÁ a Alena VODÁKOVÁ. <span class=""searchmatch"">Velký</span> <span class=""searchmatch"">sociologický</span> <span class=""searchmatch"">slovník</span>. Praha: Karolinum, 1996. ISBN 8071843113 What is Political Communication"
"162","Thomasův teorém",150617,"ISBN 978-80-86429-70-0. S. 196-200.  LINHART, J.; PETRUSEK, M. <span class=""searchmatch"">Velký</span> <span class=""searchmatch"">sociologický</span> <span class=""searchmatch"">slovník</span>. Praha: Karolinum, 1996. 749 s. ISBN 80-7184-310-5.  RABUŠIC,"
"163","Artefakt (sociologie)",1052032,"slovník. Vyd. 2. Praha: Portál, 2009, 774. ISBN 978-807-3675-691. <span class=""searchmatch"">Velký</span> <span class=""searchmatch"">sociologický</span> <span class=""searchmatch"">slovník</span>: I. svazek. 1. vyd. Praha: Univerzita Karlova, 1996, s. 749-1627"
"164","Feminizace chudoby",975564," s., 2011. 18 s. Dostupné online. S. 4.  PETRUSEK, Miloslav. <span class=""searchmatch"">Velký</span> <span class=""searchmatch"">sociologický</span> <span class=""searchmatch"">slovník</span>. Praha: Karolinum, 1996.  GIDDENS, Anthony. Sociologie. Praha:"
"165","Sociální síť (sociologie)",1132535,"2009. Studie. ISBN 9788074190025. PETRUSEK, Miloslav (red.), <span class=""searchmatch"">Velký</span> <span class=""searchmatch"">sociologický</span> <span class=""searchmatch"">slovník</span>, heslo Sítě sociální. Praha: Karolinum 1998. Str. 986. GRANOVETTER"
"166","Homogamie (sociologie)",1343307,"o velikosti sídla, z kterého manželé pochází. Petrusek a kol.,<span class=""searchmatch"">Velký</span> <span class=""searchmatch"">sociologický</span> <span class=""searchmatch"">slovník</span>, I, II, Karolinum (1996), s.383. Paleček, A.,„Individuální, sociální"
"167","Studie Marienthal",1247257,"0038-0288.  LINHART, Jiří; VODÁKOVÁ, Alena; PETRUSEK, Miloslav. <span class=""searchmatch"">Velký</span> <span class=""searchmatch"">sociologický</span> <span class=""searchmatch"">slovník</span>. Praha: Karolinum, 1996. 182 s. ISBN 80-7184-311-3.  Obrázky,"
"168","Herbert Blumer",145489,"0520056760. LINHART, Jiří, Alena VODÁKOVÁ a Miloslav PETRUSEK. <span class=""searchmatch"">Velký</span> <span class=""searchmatch"">sociologický</span> <span class=""searchmatch"">slovník</span>. Praha: Karolinum, 1996. ISBN 8071843113. Baum, Detlef et al."
"169","Sociolingvistika",753900,"sociolingvistice.“ Naše řeč 67 (1): 51–55. Petrusek, M. (red.). 1996. <span class=""searchmatch"">Velký</span> <span class=""searchmatch"">sociologický</span> <span class=""searchmatch"">slovník</span>. Praha: Karolinum, heslo Sociolingvistika Wilson, James. 2009"
"170","Postmaterialismus",1154980,"Linhart, J., Petrusek, M., Vodáková, A., Maříková, Hana. 1996. <span class=""searchmatch"">Velký</span> <span class=""searchmatch"">sociologický</span> <span class=""searchmatch"">slovník</span>, str.165. http://sreview.soc.cas.cz/uploads/8e9c5afe3df7e7feb"
"171","Nehodnotící sociologie",1343563,"praktická doporučení, která jsou skutečně společnosti prospěšná. <span class=""searchmatch"">Velký</span> <span class=""searchmatch"">sociologický</span> <span class=""searchmatch"">slovník</span>. Praha: Karolinum, 1996. ISBN 80-7184-164-1.  KELLER, Jan. Úvod"
"172","Sociální inženýrství (společenská věda)",1049598,"Linhart, J., Petrusek, M., Vodáková, A., Maříková, Hana. 1996. <span class=""searchmatch"">Velký</span> <span class=""searchmatch"">sociologický</span> <span class=""searchmatch"">slovník</span>. Praha: Karolinum. ISBN 80-7184-310-5. S. 454 The American Journal"
"173","Nezamýšlené důsledky lidského jednání",1154692,"Argo, 2013, 1049 s. ISBN 978-80-257-0807-1 PETRUSEK, Miloslav. <span class=""searchmatch"">Velký</span> <span class=""searchmatch"">sociologický</span> <span class=""searchmatch"">slovník</span>. Vyd. 1. Praha: Karolinum, 1996, S. 749–1627. ISBN 80-7184-310-5"
"174","Černá skříňka (sociologie)",1154745,"určité míry spokojen nebo nespokojen - ponákupní chování (fáze 5). <span class=""searchmatch"">Velký</span> <span class=""searchmatch"">sociologický</span> <span class=""searchmatch"">slovník</span>. Vyd. 1. Praha: Karolinum, 1996, 747 s. ISBN 80-7184-311-3 JANDOUREK"
"175","Teorie strukturace",1159172," 138-177.  LINHART, Jiří; VODÁKOVÁ, Alena, PETRUSEK Miloslav. <span class=""searchmatch"">Velký</span> <span class=""searchmatch"">sociologický</span> <span class=""searchmatch"">slovník</span>. 1. vyd. Praha: Karolinum, 1996. 2 svazky. S. 1239-1241.  GIDDENS"
"176","Panelové šetření",1157404,"Cambridge: Cambridge University Press, 2004.  BURIÁNEK, Jan. <span class=""searchmatch"">Velký</span> <span class=""searchmatch"">sociologický</span> <span class=""searchmatch"">slovník</span>. Praha: Karolinum. 1996.  LECHNEROVÁ, Zdeňka. Charakteristika"
"177","Primární skupina",70286,"2000. 596 s. ISBN 80-7203-124-4. S. od 39.  Kol. autorů (1996): <span class=""searchmatch"">Velký</span> <span class=""searchmatch"">sociologický</span> <span class=""searchmatch"">slovník</span>. Karolinum, Praha ISBN 80-718-4310-5 Buriánek, J (2008): Sociologie"
"178","Paul von Lilienfeld",1343488,"nakladatelství, 2005. ISBN 80-86429-52-0. S. 169.  PETRUSEK A KOL. <span class=""searchmatch"">Velký</span> <span class=""searchmatch"">sociologický</span> <span class=""searchmatch"">slovník</span>. Praha: Karolinum, 1996. ISBN 80-7184-164-1. S. 130.  Autoritní"
"179","Jednání logické a mimologické",1247583,"Dostupné online.  Keller (2005), s. 304. PETRUSEK, Miloslav. <span class=""searchmatch"">Velký</span> <span class=""searchmatch"">sociologický</span> <span class=""searchmatch"">slovník</span>. Praha: Karolinum, 1996. ISBN 80-718-4310-5. KELLER, Jan. Logické"
"180","Sociologie jazyka",57121,"předurčují určitý výběr interpretace reality). Pro shrnutí citujme <span class=""searchmatch"">Velký</span> <span class=""searchmatch"">sociologický</span> <span class=""searchmatch"">slovník</span>, z hesla jazyk: „Jazyk je nástrojem pozorování, reagování, sebevyjadřování"
"181","Organická a mechanická solidarita",1252321,"cizích slov (Praha: Academia, 2006). Petrusek Miloslav a kol., <span class=""searchmatch"">Velký</span> <span class=""searchmatch"">sociologický</span> <span class=""searchmatch"">slovník</span> (Praha: Karolinum, 1996). Giddens Anthony, Sutton Philip W., Sociologie"
"182","Tomáš Čep",1541745,"online.  Miloslav PETRUSEK, Hana MAŘÍKOVÁ a Alena VODÁKOVÁ, „<span class=""searchmatch"">Velký</span> <span class=""searchmatch"">sociologický</span> <span class=""searchmatch"">slovník</span>.“ Praha: Karolinum, 1996. Lubomír SLEZÁK, „Agrární sociolog Tomáš"
"183","Komunikace v kyberprostoru",1154104,"978-80-247-4577-0. MAŘÍKOVÁ, Hana, Miroslav PETRUSEK a Alena VODÁKOVÁ. <span class=""searchmatch"">Velký</span> <span class=""searchmatch"">sociologický</span> <span class=""searchmatch"">slovník</span>, 1. svazek. Praha: Karolinum Praha, 1996. ISBN 80-7184-164-1."
"184","Totální instituce",830664,"Karolinum, 2004. 134 s. ISBN 80-246-0279-2 VODÁKOVÁ, A., PETRUSEK, M. <span class=""searchmatch"">Velký</span> <span class=""searchmatch"">sociologický</span> <span class=""searchmatch"">slovník</span> I. Praha: Karolinum 1996 ISBN 80-7184-164-1 Erving Goffman Stigma"
"185","Sociologie konfliktu",313649,"sociální aktéři usilují, a odlišnosti hodnot, které vyznávají.“ (<span class=""searchmatch"">Velký</span> <span class=""searchmatch"">sociologický</span> <span class=""searchmatch"">slovník</span>, 1996:520 cit. in Znebejánek 2015: 15) Sociologové v průběhu dějin"
"186","Average Joe",1247325," (Studijní texty; sv. 32) ISBN 80-86429-34-2 PETRUSEK a kol. <span class=""searchmatch"">Velký</span> <span class=""searchmatch"">sociologický</span> <span class=""searchmatch"">slovník</span>, Karolinum 1996 EKNOYAN, Garabed, Adolphe Quetelet (1796–1874)—the"
"187","Sociologie práva",1343614,"2011. ISBN 978-80-7380-321-6. Miloslav Petrusek, Alena Vodáková, <span class=""searchmatch"">Velký</span> <span class=""searchmatch"">sociologický</span> <span class=""searchmatch"">slovník</span>, Svazek 2. Praha: Karolinum. 1996. Společenská smlouva Niklas"
"188","Homofilie",1541149,"Evropě. www.004.cz [online]. [cit. 2019-12-19]. Dostupné online.  <span class=""searchmatch"">Velký</span> <span class=""searchmatch"">sociologický</span> <span class=""searchmatch"">slovník</span>, svazek 1 - PDF Free Download. epdf.pub [online]. [cit. 2019-11-28]"
