"","page_id","title","url"
"1",4778,"Wiki","https://encyklopedie.soc.cas.cz"
"2",1453072,"Sociální gerontologie","https://encyklopedie.soc.cas.cz/core/index.php"
"3",619203,"Ústav vědeckého ateismu ČSAV","https://encyklopedie.soc.cas.cz/w/%C3%9Astav_v%C4%9Bdeck%C3%A9ho_ateismu_%C4%8CSAV"
"4",1177017,"Svobodná škola politických nauk","https://encyklopedie.soc.cas.cz/w/%C4%8Casopis_Svobodn%C3%A9_%C5%A1koly_politick%C3%BDch_nauk_v_Praze"
"5",1541745,"Tomáš Čep","https://encyklopedie.soc.cas.cz/w/%C4%8Cep_Tom%C3%A1%C5%A1"
"6",288160,"Česká akademie věd a umění","https://encyklopedie.soc.cas.cz/w/%C4%8Cesk%C3%A1_akademie_v%C4%9Bd_a_um%C4%9Bn%C3%AD"
"7",1452518,"Jan Řehák","https://encyklopedie.soc.cas.cz/w/%C5%98eh%C3%A1k_Jan"
"8",96804,"Chicagská škola (sociologie)","https://encyklopedie.soc.cas.cz/w/%C5%A0kola_chicagsk%C3%A1"
"9",15355,"Frankfurtská škola","https://encyklopedie.soc.cas.cz/w/%C5%A0kola_frankfurtsk%C3%A1"
"10",1594435,"Vasil Kaprálek Škrach","https://encyklopedie.soc.cas.cz/w/%C5%A0krach_Vasil_Kapr%C3%A1lek"
"11",1046328,"Kulturní šok","https://encyklopedie.soc.cas.cz/w/%C5%A0ok_kulturn%C3%AD"
"12",736196,"Anton Štefánek","https://encyklopedie.soc.cas.cz/w/%C5%A0tef%C3%A1nek_Anton"
"13",882838,"Haló efekt","https://encyklopedie.soc.cas.cz/w/%E2%80%9Ehal%C3%B3-efekt%E2%80%9C"
"14",1170261,"Sociální adaptace","https://encyklopedie.soc.cas.cz/w/Adaptace"
"15",816814,"Agrarismus","https://encyklopedie.soc.cas.cz/w/Agrarismus"
"16",57328,"Agrese","https://encyklopedie.soc.cas.cz/w/Agrese"
"17",9709,"Akademismus","https://encyklopedie.soc.cas.cz/w/Akademismus"
"18",60192,"Strukturální funkcionalismus","https://encyklopedie.soc.cas.cz/w/Antropologie_funkcionalistick%C3%A1"
"19",1452852,"Konfiguracionismus","https://encyklopedie.soc.cas.cz/w/Antropologie_lingvistick%C3%A1"
"20",1452713,"Strukturální antropologie","https://encyklopedie.soc.cas.cz/w/Antropologie_struktur%C3%A1ln%C3%AD"
"21",1452947,"Autoprezentace","https://encyklopedie.soc.cas.cz/w/Autoprezentace"
"22",193688,"Autorita","https://encyklopedie.soc.cas.cz/w/Autorita"
"23",180036,"Bohuslav Blažek","https://encyklopedie.soc.cas.cz/w/Bla%C5%BEek_Bohuslav"
"24",1003860,"Bratrstvo","https://encyklopedie.soc.cas.cz/w/Bratrstvo"
"25",1541483,"Lubomír Brokl","https://encyklopedie.soc.cas.cz/w/Brokl_Lubom%C3%ADr"
"26",1540496,"Oskar Butter","https://encyklopedie.soc.cas.cz/w/Butter_Oskar"
"27",173179,"Emanuel Chalupný","https://encyklopedie.soc.cas.cz/w/Chalupn%C3%BD_Emanuel"
"28",526342,"Sexuální chování","https://encyklopedie.soc.cas.cz/w/Chov%C3%A1n%C3%AD_sexu%C3%A1ln%C3%AD"
"29",58570,"Chudoba","https://encyklopedie.soc.cas.cz/w/Chudoba"
"30",1466936,"Standardní chyba","https://encyklopedie.soc.cas.cz/w/Chyba_sm%C4%9Brodatn%C3%A1"
"31",90966,"Civilizace","https://encyklopedie.soc.cas.cz/w/Civilizace"
"32",1453085,"Diskuse s wikipedistou:Anjacurina","https://encyklopedie.soc.cas.cz/w/Coil_system"
"33",150649,"Dav","https://encyklopedie.soc.cas.cz/w/Dav"
"34",150615,"Definice situace","https://encyklopedie.soc.cas.cz/w/Definice_situace"
"35",1283997,"Technologický determinismus","https://encyklopedie.soc.cas.cz/w/Determinismus_ekonomick%C3%BD"
"36",1452271,"Dezurbanizace","https://encyklopedie.soc.cas.cz/w/Dezurbanizace"
"37",369412,"Narcismus","https://encyklopedie.soc.cas.cz/w/Dialektika_p%C3%A1na_a_raba"
"38",1452673,"Difusionismus","https://encyklopedie.soc.cas.cz/w/Difuzionismus"
"39",1541632,"Irena Dubská","https://encyklopedie.soc.cas.cz/w/Dubsk%C3%A1_Irena"
"40",10315,"Enkulturace","https://encyklopedie.soc.cas.cz/w/Enkulturace"
"41",1247620,"Esencialismus","https://encyklopedie.soc.cas.cz/w/Esencialismus_metodologick%C3%BD"
"42",102340,"Diskuse:Češi","https://encyklopedie.soc.cas.cz/w/Etnikum"
"43",1479090,"Etnologický ústav Akademie věd České republiky","https://encyklopedie.soc.cas.cz/w/Etnologick%C3%BD_%C3%BAstav_AV_%C4%8CR"
"44",271256,"Exogamie","https://encyklopedie.soc.cas.cz/w/Exogamie"
"45",1453979,"Femokracie","https://encyklopedie.soc.cas.cz/w/Femokracie"
"46",700823,"Filosofický časopis","https://encyklopedie.soc.cas.cz/w/Filosofick%C3%BD_%C4%8Dasopis"
"47",1542646,"Fourierismus","https://encyklopedie.soc.cas.cz/w/Fourierismus"
"48",988688,"Břetislav Foustka","https://encyklopedie.soc.cas.cz/w/Foustka_B%C5%99etislav"
"49",58843,"Ernest Gellner","https://encyklopedie.soc.cas.cz/w/Gellner_Ernest_(Arno%C5%A1t)"
"50",86033,"Gender","https://encyklopedie.soc.cas.cz/w/Gender"
"51",1554036,"Diskuse s wikipedistou:Jakub Jansa","https://encyklopedie.soc.cas.cz/w/Geografie_obyvatelstva"
"52",64000,"Ghetto","https://encyklopedie.soc.cas.cz/w/Ghetto"
"53",137056,"Glasnosť","https://encyklopedie.soc.cas.cz/w/Glasnos%C5%A5"
"54",902172,"Globalistika","https://encyklopedie.soc.cas.cz/w/Globalistika"
"55",386150,"Grantová agentura České republiky","https://encyklopedie.soc.cas.cz/w/Grantov%C3%A1_agentura_%C4%8Cesk%C3%A9_republiky"
"56",1452923,"Ronald F. Inglehart","https://encyklopedie.soc.cas.cz/w/Hlavn%C3%AD_strana"
"57",623100,"Ženská práva","https://encyklopedie.soc.cas.cz/w/Hlavn%C3%AD_strana"
"58",1599507,"Wikipedie:Pod lípou/Archiv 2020/02","https://encyklopedie.soc.cas.cz/w/Hlavn%C3%AD_strana"
"59",15655,"Homosexualita","https://encyklopedie.soc.cas.cz/w/Homosexualita"
"60",1541149,"Homofilie","https://encyklopedie.soc.cas.cz/w/Homosexualita"
"61",102886,"Incest","https://encyklopedie.soc.cas.cz/w/Incest"
"62",1453073,"Indexikalita","https://encyklopedie.soc.cas.cz/w/Indexikalita"
"63",247494,"Instituce","https://encyklopedie.soc.cas.cz/w/Instituce"
"64",86613,"Sociální inteligence","https://encyklopedie.soc.cas.cz/w/Inteligence_soci%C3%A1ln%C3%AD"
"65",135685,"Symbolický interakcionismus","https://encyklopedie.soc.cas.cz/w/Interakcionismus_symbolick%C3%BD"
"66",1452886,"Hynek Jeřábek","https://encyklopedie.soc.cas.cz/w/Je%C5%99%C3%A1bek_Hynek"
"67",261236,"Jiří Kabele","https://encyklopedie.soc.cas.cz/w/Kabele_Ji%C5%99%C3%AD"
"68",43051,"Kulturní kapitál","https://encyklopedie.soc.cas.cz/w/Kapit%C3%A1l_kulturn%C3%AD"
"69",614843,"Kariéra","https://encyklopedie.soc.cas.cz/w/Kari%C3%A9ra"
"70",189316,"Jiřina Šiklová","https://encyklopedie.soc.cas.cz/w/Karlova_univerzita_v_Praze"
"71",1452518,"Jan Řehák","https://encyklopedie.soc.cas.cz/w/Kategorie:Aut:_%C5%98eh%C3%A1k_Jan"
"72",8093,"Jan Keller","https://encyklopedie.soc.cas.cz/w/Keller_Jan"
"73",71690,"Komunita","https://encyklopedie.soc.cas.cz/w/Komunita"
"74",57336,"Konflikt","https://encyklopedie.soc.cas.cz/w/Konflikt"
"75",128145,"Konkubinát","https://encyklopedie.soc.cas.cz/w/Konkubin%C3%A1t"
"76",265275,"Náboženská konverze","https://encyklopedie.soc.cas.cz/w/Konverze"
"77",24220,"Láska","https://encyklopedie.soc.cas.cz/w/L%C3%A1ska"
"78",730147,"Josef Macek (sociálnědemokratický politik)","https://encyklopedie.soc.cas.cz/w/Macek_Josef"
"79",337265,"Pavel Machonin","https://encyklopedie.soc.cas.cz/w/Machonin_Pavel"
"80",1566049,"Wikipedie:Diskuse o smazání/Volt (čarodějnictví)","https://encyklopedie.soc.cas.cz/w/Magie"
"81",921671,"Volt (čarodějnictví)","https://encyklopedie.soc.cas.cz/w/Magie"
"82",14338,"Manželství","https://encyklopedie.soc.cas.cz/w/Man%C5%BEelstv%C3%AD"
"83",1447957,"Wikipedista:Kratochvan/Pískoviště","https://encyklopedie.soc.cas.cz/w/Mare%C5%A1_Petr"
"84",1608259,"Masarykova sociologická společnost","https://encyklopedie.soc.cas.cz/w/Masarykova_sociologick%C3%A1_spole%C4%8Dnost"
"85",210625,"Dialektický materialismus","https://encyklopedie.soc.cas.cz/w/Materialismus_dialektick"
"86",132436,"Matriarchát","https://encyklopedie.soc.cas.cz/w/Matriarch%C3%A1t"
"87",1608274,"Mazdaznan","https://encyklopedie.soc.cas.cz/w/Mazdaznan"
"88",524402,"Melting pot","https://encyklopedie.soc.cas.cz/w/Melting_pot"
"89",346631,"Menšina","https://encyklopedie.soc.cas.cz/w/Men%C5%A1ina"
"90",1177724,"Jan Mertl","https://encyklopedie.soc.cas.cz/w/Mertl_Jan"
"91",1451544,"Wikipedista:Barbora Mrkáčková/Pískoviště","https://encyklopedie.soc.cas.cz/w/Metasociologie"
"92",1451604,"Metasociologie","https://encyklopedie.soc.cas.cz/w/Metasociologie"
"93",1453019,"Mezaliance","https://encyklopedie.soc.cas.cz/w/Mezaliance"
"94",1459799,"Mladá Francie","https://encyklopedie.soc.cas.cz/w/Mlad%C3%A1_Francie"
"95",46622,"Sociální mobilita","https://encyklopedie.soc.cas.cz/w/Mobilita_soci%C3%A1ln%C3%AD"
"96",309031,"Monogamie","https://encyklopedie.soc.cas.cz/w/Monogamie"
"97",256073,"Jiří Musil (sociolog)","https://encyklopedie.soc.cas.cz/w/Musil_ji%C5%99%C3%AD"
"98",1599568,"Přírodní národy","https://encyklopedie.soc.cas.cz/w/N%C3%A1rody_p%C5%99%C3%ADrodn%C3%AD"
"99",555161,"Ladislav Žák","https://encyklopedie.soc.cas.cz/w/Necessismus"
"100",318515,"Neomarxismus","https://encyklopedie.soc.cas.cz/w/Neomarxismus"
"101",272865,"Sociální nerovnost","https://encyklopedie.soc.cas.cz/w/Nerovnost_soci%C3%A1ln%C3%AD"
"102",3183,"Spojené státy americké","https://encyklopedie.soc.cas.cz/w/New_Deal"
"103",106635,"Noosféra","https://encyklopedie.soc.cas.cz/w/Noosf%C3%A9ra"
"104",79553,"Normalita","https://encyklopedie.soc.cas.cz/w/Normalita"
"105",1407502,"Lubomír Nový","https://encyklopedie.soc.cas.cz/w/Nov%C3%BD_Lubom%C3%ADr"
"106",1247821,"Opora výběru","https://encyklopedie.soc.cas.cz/w/Opora_v%C3%BDb%C4%9Bru"
"107",1614340,"Ortodoxie (náboženství)","https://encyklopedie.soc.cas.cz/w/Ortodoxie"
"108",26378,"Ostrakismus","https://encyklopedie.soc.cas.cz/w/Ostrakismus"
"109",251582,"Přátelství","https://encyklopedie.soc.cas.cz/w/P%C5%99%C3%A1telstv%C3%AD"
"110",1006218,"Pokrevní příbuzenství","https://encyklopedie.soc.cas.cz/w/P%C5%99%C3%ADbuzenstv%C3%AD_pokrevn%C3%AD"
"111",43217,"Příbuzenství","https://encyklopedie.soc.cas.cz/w/P%C5%99%C3%ADbuzenstv%C3%AD"
"112",1530940,"Katedra sociologie, andragogiky a kulturní antropologie Filozofické fakulty Univerzity Palackého","https://encyklopedie.soc.cas.cz/w/Palack%C3%A9ho_univerzita_v_Olomouci"
"113",14711,"Patriarchát","https://encyklopedie.soc.cas.cz/w/Patriarch%C3%A1t"
"114",231805,"Patrilinearita","https://encyklopedie.soc.cas.cz/w/Patrilinearita"
"115",189709,"Miloslav Petrusek","https://encyklopedie.soc.cas.cz/w/Petrusek_Miloslav"
"116",50448,"Pietismus","https://encyklopedie.soc.cas.cz/w/Pietismus"
"117",189146,"Polygamie","https://encyklopedie.soc.cas.cz/w/Polygamie"
"118",367652,"Popularita","https://encyklopedie.soc.cas.cz/w/Popularita"
"119",370364,"Maslowova pyramida","https://encyklopedie.soc.cas.cz/w/Pot%C5%99eby"
"120",578186,"Martin Potůček","https://encyklopedie.soc.cas.cz/w/Pot%C5%AF%C4%8Dek_Martin"
"121",56399,"Pozorování","https://encyklopedie.soc.cas.cz/w/Pozorov%C3%A1n%C3%AD"
"122",623100,"Ženská práva","https://encyklopedie.soc.cas.cz/w/Pr%C3%A1vo"
"123",1103967,"Průmysl volného času","https://encyklopedie.soc.cas.cz/w/Pr%C5%AFmysl_voln%C3%A9ho_%C4%8Dasu"
"124",308857,"Preference","https://encyklopedie.soc.cas.cz/w/Preference"
"125",51558,"Prestiž","https://encyklopedie.soc.cas.cz/w/Presti%C5%BE"
"126",1589862,"Diskuse s wikipedistou:2A02:8308:9043:F400:15B7:5D36:F7E:9141","https://encyklopedie.soc.cas.cz/w/Presti%C5%BE_(MSgS)"
"127",298785,"Privilegium","https://encyklopedie.soc.cas.cz/w/Privilegium"
"128",10354,"Amatér","https://encyklopedie.soc.cas.cz/w/Profesionalizace"
"129",1452656,"Proletarizace","https://encyklopedie.soc.cas.cz/w/Proletarizace"
"130",61180,"Promiskuita","https://encyklopedie.soc.cas.cz/w/Promiskuita"
"131",12841,"Prostituce","https://encyklopedie.soc.cas.cz/w/Prostituce"
"132",368308,"Puritáni","https://encyklopedie.soc.cas.cz/w/Puritanismus"
"133",512225,"Racionalita","https://encyklopedie.soc.cas.cz/w/Racionalita"
"134",514477,"Lidská rasa","https://encyklopedie.soc.cas.cz/w/Rasa"
"135",880367,"Reflexivita (sociologie)","https://encyklopedie.soc.cas.cz/w/Reflexivita"
"136",983929,"Kulturní relativismus","https://encyklopedie.soc.cas.cz/w/Relativismus_kulturn%C3%AD"
"137",313846,"Resocializace","https://encyklopedie.soc.cas.cz/w/Resocializace"
"138",1045869,"Sexuální revoluce","https://encyklopedie.soc.cas.cz/w/Revoluce_sexu%C3%A1ln%C3%AD"
"139",1452923,"Ronald F. Inglehart","https://encyklopedie.soc.cas.cz/w/Revoluce_tich%C3%A1"
"140",1538604,"Tichá revoluce","https://encyklopedie.soc.cas.cz/w/Revoluce_tich%C3%A1"
"141",150719,"Rituál","https://encyklopedie.soc.cas.cz/w/Ritu%C3%A1l"
"142",1048237,"Ritualismus","https://encyklopedie.soc.cas.cz/w/Ritu%C3%A1l"
"143",1006206,"Rod (příbuzenství)","https://encyklopedie.soc.cas.cz/w/Rod"
"144",553189,"Diskuse:Homoparentalita","https://encyklopedie.soc.cas.cz/w/Rodina"
"145",42966,"Rodina","https://encyklopedie.soc.cas.cz/w/Rodina"
"146",1185697,"Diskuse s wikipedistou:77.240.103.195","https://encyklopedie.soc.cas.cz/w/Role"
"147",1576586,"Sociální rovnost","https://encyklopedie.soc.cas.cz/w/Rovnost_soci%C3%A1ln%C3%AD"
"148",197639,"Svatba","https://encyklopedie.soc.cas.cz/w/S%C5%88atek"
"149",332225,"Sexualita","https://encyklopedie.soc.cas.cz/w/Sexualita"
"150",1502149,"Samuel Smiles","https://encyklopedie.soc.cas.cz/w/Snobismus"
"151",528078,"Sociální studia","https://encyklopedie.soc.cas.cz/w/Soci%C3%A1ln%C3%AD_studia"
"152",1540496,"Oskar Butter","https://encyklopedie.soc.cas.cz/w/Sociologick%C3%A1_revue"
"153",1455527,"Sociologické nakladatelství","https://encyklopedie.soc.cas.cz/w/Sociologick%C3%A9_nakladatelstv%C3%AD_(SLON)"
"154",1247802,"Sociologický ústav Akademie věd České republiky","https://encyklopedie.soc.cas.cz/w/Sociologick%C3%BD_%C3%BAstav_AV_%C4%8CR"
"155",1608258,"Laická sociologie","https://encyklopedie.soc.cas.cz/w/Sociologie_laick%C3%A1"
"156",1541339,"Sociologie rodiny","https://encyklopedie.soc.cas.cz/w/Sociologie_rodiny"
"157",1541488,"Sociologie venkova","https://encyklopedie.soc.cas.cz/w/Sociologie_venkova"
"158",1541488,"Sociologie venkova","https://encyklopedie.soc.cas.cz/w/Sociologie_zem%C4%9Bd%C4%9Blstv%C3%AD"
"159",430509,"Solidarita","https://encyklopedie.soc.cas.cz/w/Solidarita"
"160",1541488,"Sociologie venkova","https://encyklopedie.soc.cas.cz/w/Sorokin_Pitirim_Alexandrovi%C4%8D"
"161",257528,"Společnost","https://encyklopedie.soc.cas.cz/w/Spole%C4%8Dnost"
"162",1048466,"Riziková společnost","https://encyklopedie.soc.cas.cz/w/Spole%C4%8Dnost_rizikov%C3%A1"
"163",1517649,"Rodinný stav","https://encyklopedie.soc.cas.cz/w/Stav_rodinn%C3%BD"
"164",379431,"Stereotyp","https://encyklopedie.soc.cas.cz/w/Stereotyp_dynamick%C3%BD"
"165",46308,"Sociální stratifikace","https://encyklopedie.soc.cas.cz/w/Stratifikace_soci%C3%A1ln%C3%AD"
"166",232927,"Subkultura","https://encyklopedie.soc.cas.cz/w/Subkultura"
"167",667142,"Suburbanizace","https://encyklopedie.soc.cas.cz/w/Suburbanizace"
"168",1452852,"Konfiguracionismus","https://encyklopedie.soc.cas.cz/w/T%C3%A9mata_kulturn%C3%AD"
"169",258087,"Dělnická třída","https://encyklopedie.soc.cas.cz/w/T%C5%99%C3%ADda_d%C4%9Blnick%C3%A1"
"170",1541488,"Sociologie venkova","https://encyklopedie.soc.cas.cz/w/Tauber_Jan_Bohumil"
"171",1542623,"Teorie komunikace","https://encyklopedie.soc.cas.cz/w/Teorie_komunikace"
"172",202988,"Tolerance","https://encyklopedie.soc.cas.cz/w/Tolerance"
"173",738920,"Antonín Uhlíř","https://encyklopedie.soc.cas.cz/w/Uhl%C3%AD%C5%99_Anton%C3%ADn"
"174",1126296,"Výzkumný ústav práce a sociálních věcí","https://encyklopedie.soc.cas.cz/w/V%C3%BDzkumn%C3%BD_%C3%BAstav_pr%C3%A1ce_a_soci%C3%A1ln%C3%ADch_v%C4%9Bc%C3%AD"
"175",233082,"Diaspora","https://encyklopedie.soc.cas.cz/w/VSgS"
"176",982537,"Kapitál (sociologie)","https://encyklopedie.soc.cas.cz/w/VSgS"
"177",689226,"Veřejnost","https://encyklopedie.soc.cas.cz/w/Ve%C5%99ejnost"
"178",150841,"Venkov","https://encyklopedie.soc.cas.cz/w/Venkov"
"179",1452852,"Konfiguracionismus","https://encyklopedie.soc.cas.cz/w/Vzor_kulturn%C3%AD"
"180",1154749,"Kulturní změna","https://encyklopedie.soc.cas.cz/w/Zm%C4%9Bna_kulturn%C3%AD"
