{"batchcomplete":[""],"query":{"searchinfo":{"totalhits":[38]},"search":[{"ns":0,"title":"Jan Řehák","pageid":1452518,"size":6471,"wordcount":777,"snippet":"encyklopedie [online]. [cit. 2018-11-27]. Dostupné z: https://<span class=\"searchmatch\">encyklopedie<\/span>.<span class=\"searchmatch\">soc<\/span>.<span class=\"searchmatch\">cas<\/span>.<span class=\"searchmatch\">cz<\/span>/w/%C5%98eh%C3%A1k_Jan VEČERNÍK, Jiří. Řehák Jan. Sociologická encyklopedie","timestamp":"2020-06-17T05:14:45Z"},{"ns":0,"title":"Pietismus","pageid":50448,"size":4396,"wordcount":358,"snippet":"2019-04-22]. Dostupné online.  Pietismus – Sociologická encyklopedie. <span class=\"searchmatch\">encyklopedie<\/span>.<span class=\"searchmatch\">soc<\/span>.<span class=\"searchmatch\">cas<\/span>.<span class=\"searchmatch\">cz<\/span> [online]. [cit. 2019-04-22]. Dostupné online.  Ludmilla Elisabeth","timestamp":"2020-04-08T10:32:38Z"},{"ns":0,"title":"Sociologie venkova","pageid":1541488,"size":7294,"wordcount":688,"snippet":" <span class=\"searchmatch\">encyklopedie<\/span>.<span class=\"searchmatch\">soc<\/span>.<span class=\"searchmatch\">cas<\/span>.<span class=\"searchmatch\">cz<\/span> [online]. [cit. 2019-11-28]. Dostupné online.  Sociologie zemědělství – Sociologická encyklopedie. <span class=\"searchmatch\">encyklopedie<\/span>.<span class=\"searchmatch\">soc<\/span>.<span class=\"searchmatch\">cas<\/span>.<span class=\"searchmatch\">cz<\/span> [online]","timestamp":"2019-11-29T11:34:14Z"},{"ns":0,"title":"Technologický determinismus","pageid":1283997,"size":4170,"wordcount":396,"snippet":"S. 44.  Determinismus ekonomický – Sociologická encyklopedie. <span class=\"searchmatch\">encyklopedie<\/span>.<span class=\"searchmatch\">soc<\/span>.<span class=\"searchmatch\">cas<\/span>.<span class=\"searchmatch\">cz<\/span> [online]. [cit. 2019-05-04]. Dostupné online.  V tomto článku byl","timestamp":"2019-10-12T16:40:16Z"},{"ns":0,"title":"Amatér","pageid":10354,"size":3453,"wordcount":363,"snippet":"11. 12. 2017 v 17:03 [cit. 27. 12. 2018]. Dostupné z: https://<span class=\"searchmatch\">encyklopedie<\/span>.<span class=\"searchmatch\">soc<\/span>.<span class=\"searchmatch\">cas<\/span>.<span class=\"searchmatch\">cz<\/span>/w/Profesionalizace Akademický slovník cizích slov. Praha: Academia","timestamp":"2020-06-05T12:15:48Z"},{"ns":0,"title":"Ženská práva","pageid":623100,"size":3384,"wordcount":280,"snippet":"Sociologický ústav AV ČR, 2018 [cit. 10. 2. 2019]. Dostupné z: https://<span class=\"searchmatch\">encyklopedie<\/span>.<span class=\"searchmatch\">soc<\/span>.<span class=\"searchmatch\">cas<\/span>.<span class=\"searchmatch\">cz<\/span>/w/Hlavn%C3%AD_strana Gender Mezinárodní pakt o hospodářských, sociálních","timestamp":"2020-05-04T09:35:11Z"},{"ns":0,"title":"Glasnosť","pageid":137056,"size":5197,"wordcount":492,"snippet":"srpnu 1991. BAYER, Ivo. Glasnosť – Sociologická encyklopedie. <span class=\"searchmatch\">encyklopedie<\/span>.<span class=\"searchmatch\">soc<\/span>.<span class=\"searchmatch\">cas<\/span>.<span class=\"searchmatch\">cz<\/span> [online]. [cit. 2020-06-27]. Dostupné online.  PETRÁČEK, Zbyněk","timestamp":"2020-06-27T11:53:16Z"},{"ns":0,"title":"Civilizace","pageid":90966,"size":12480,"wordcount":1305,"snippet":"pdf Civilizace – Sociologická encyklopedie. <span class=\"searchmatch\">encyklopedie<\/span>.<span class=\"searchmatch\">soc<\/span>.<span class=\"searchmatch\">cas<\/span>.<span class=\"searchmatch\">cz<\/span> [online]. [cit. 2020-06-11]. Dostupné online.  http://www.pbs","timestamp":"2020-06-11T19:19:31Z"},{"ns":0,"title":"Přátelství","pageid":251582,"size":8080,"wordcount":892,"snippet":" Praha: F. Topič, 1912. Osení, knihy mladých čtenářů. https://<span class=\"searchmatch\">encyklopedie<\/span>.<span class=\"searchmatch\">soc<\/span>.<span class=\"searchmatch\">cas<\/span>.<span class=\"searchmatch\">cz<\/span>/w/P%C5%99%C3%A1telstv%C3%AD RÖHR, Heinz-Peter. Závislé vztahy:","timestamp":"2020-06-16T09:24:56Z"},{"ns":0,"title":"Oskar Butter","pageid":1540496,"size":7630,"wordcount":756,"snippet":"Osvětim Tomáš Garrigue Masaryk https://<span class=\"searchmatch\">encyklopedie<\/span>.<span class=\"searchmatch\">soc<\/span>.<span class=\"searchmatch\">cas<\/span>.<span class=\"searchmatch\">cz<\/span>/w/Butter_Oskar https://<span class=\"searchmatch\">encyklopedie<\/span>.<span class=\"searchmatch\">soc<\/span>.<span class=\"searchmatch\">cas<\/span>.<span class=\"searchmatch\">cz<\/span>/w/Sociologick%C3%A1_revue https://ckis.cuni","timestamp":"2020-06-19T11:32:48Z"},{"ns":0,"title":"Volt (čarodějnictví)","pageid":921671,"size":1972,"wordcount":203,"snippet":"2016-07-08 [cit. 2020-02-16]. Dostupné online.  Magie – Sociologická encyklopedie. <span class=\"searchmatch\">encyklopedie<\/span>.<span class=\"searchmatch\">soc<\/span>.<span class=\"searchmatch\">cas<\/span>.<span class=\"searchmatch\">cz<\/span> [online]. [cit. 2020-02-16]. Dostupné online. ","timestamp":"2020-02-18T16:46:29Z"},{"ns":0,"title":"Fourierismus","pageid":1542646,"size":8907,"wordcount":1108,"snippet":"určité míry ovlivnil. Fourierismus – Sociologická encyklopedie. <span class=\"searchmatch\">encyklopedie<\/span>.<span class=\"searchmatch\">soc<\/span>.<span class=\"searchmatch\">cas<\/span>.<span class=\"searchmatch\">cz<\/span> [online]. [cit. 2019-12-02]. Dostupné online.  American Communities","timestamp":"2020-06-20T15:37:43Z"},{"ns":0,"title":"Frankfurtská škola","pageid":15355,"size":13079,"wordcount":1396,"snippet":"5771/0023-4834-1976-2-175.  Škola frankfurtská – Sociologická encyklopedie. <span class=\"searchmatch\">encyklopedie<\/span>.<span class=\"searchmatch\">soc<\/span>.<span class=\"searchmatch\">cas<\/span>.<span class=\"searchmatch\">cz<\/span> [online]. [cit. 2019-12-02]. Dostupné online.  SIOSTRZONEK, Pavel","timestamp":"2020-06-06T11:34:10Z"},{"ns":0,"title":"Agrarismus","pageid":816814,"size":15986,"wordcount":1801,"snippet":"na anglické Wikipedii. Agrarismus – Sociologická encyklopedie. <span class=\"searchmatch\">encyklopedie<\/span>.<span class=\"searchmatch\">soc<\/span>.<span class=\"searchmatch\">cas<\/span>.<span class=\"searchmatch\">cz<\/span> [online]. [cit. 2018-11-29]. Dostupné online. (česky)  M. Thomas","timestamp":"2020-08-26T10:47:30Z"},{"ns":0,"title":"Standardní chyba","pageid":1466936,"size":4200,"wordcount":463,"snippet":"lidí. Jan Řehák. Chyba směrodatná – Sociologická encyklopedie. <span class=\"searchmatch\">encyklopedie<\/span>.<span class=\"searchmatch\">soc<\/span>.<span class=\"searchmatch\">cas<\/span>.<span class=\"searchmatch\">cz<\/span> [online]. [cit. 2019-01-30]. Dostupné online.  Střední kvadratická","timestamp":"2020-02-16T21:33:39Z"},{"ns":0,"title":"Difusionismus","pageid":1452673,"size":8087,"wordcount":792,"snippet":" Dostupné online.  Difuzionismus – Sociologická encyklopedie. <span class=\"searchmatch\">encyklopedie<\/span>.<span class=\"searchmatch\">soc<\/span>.<span class=\"searchmatch\">cas<\/span>.<span class=\"searchmatch\">cz<\/span> [online]. [cit. 2018-11-27]. Dostupné online. (česky)  HKS. Hospodářská","timestamp":"2020-03-30T17:00:40Z"},{"ns":0,"title":"Sociální gerontologie","pageid":1453072,"size":10601,"wordcount":1131,"snippet":"v pozdějším životě. KASALOVÁ, Hana. Sociologická encyklopedie. <span class=\"searchmatch\">encyklopedie<\/span>.<span class=\"searchmatch\">soc<\/span>.<span class=\"searchmatch\">cas<\/span>.<span class=\"searchmatch\">cz<\/span> [online]. [cit. 2018-11-30]. Dostupné online. (česky)  PHILLIPSON","timestamp":"2019-12-22T18:03:58Z"},{"ns":0,"title":"Teorie komunikace","pageid":1542623,"size":6649,"wordcount":662,"snippet":"1996. S. 1293.  Teorie komunikace – Sociologická encyklopedie. <span class=\"searchmatch\">encyklopedie<\/span>.<span class=\"searchmatch\">soc<\/span>.<span class=\"searchmatch\">cas<\/span>.<span class=\"searchmatch\">cz<\/span> [online]. [cit. 2019-12-02]. Dostupné online.  [3] A. Giddens,","timestamp":"2020-06-19T14:40:29Z"},{"ns":0,"title":"Strukturální antropologie","pageid":1452713,"size":7435,"wordcount":780,"snippet":"antropologie Antropologie strukturální – Sociologická encyklopedie. <span class=\"searchmatch\">encyklopedie<\/span>.<span class=\"searchmatch\">soc<\/span>.<span class=\"searchmatch\">cas<\/span>.<span class=\"searchmatch\">cz<\/span> [online]. [cit. 2018-11-28]. Dostupné online. (česky)  1908-1990","timestamp":"2020-06-08T10:35:59Z"},{"ns":0,"title":"Ronald F. Inglehart","pageid":1452923,"size":12176,"wordcount":1365,"snippet":"https://lcsr.hse.ru/en/ https://<span class=\"searchmatch\">encyklopedie<\/span>.<span class=\"searchmatch\">soc<\/span>.<span class=\"searchmatch\">cas<\/span>.<span class=\"searchmatch\">cz<\/span>/w/Revoluce_tich%C3%A1 www.jstor.org/stable/522320 https://<span class=\"searchmatch\">encyklopedie<\/span>.<span class=\"searchmatch\">soc<\/span>.<span class=\"searchmatch\">cas<\/span>.<span class=\"searchmatch\">cz<\/span>/w/Hlavn%C3%AD_strana Autoritní","timestamp":"2019-01-14T20:26:00Z"},{"ns":0,"title":"Pavel Machonin","pageid":337265,"size":9952,"wordcount":993,"snippet":"Pavel Machonin na Obalkyknih.cz Nekrolog na Novinky.cz https://<span class=\"searchmatch\">encyklopedie<\/span>.<span class=\"searchmatch\">soc<\/span>.<span class=\"searchmatch\">cas<\/span>.<span class=\"searchmatch\">cz<\/span>/w/Machonin_Pavel Autoritní data: AUT: jk01073027 | GND: 12343484X","timestamp":"2020-03-01T13:21:51Z"},{"ns":0,"title":"Symbolický interakcionismus","pageid":135685,"size":9767,"wordcount":1063,"snippet":"(česky)  Interakcionismus symbolický – Sociologická encyklopedie. <span class=\"searchmatch\">encyklopedie<\/span>.<span class=\"searchmatch\">soc<\/span>.<span class=\"searchmatch\">cas<\/span>.<span class=\"searchmatch\">cz<\/span> [online]. [cit. 2018-11-30]. Dostupné online. (česky)  1955-, Keller","timestamp":"2020-06-05T16:06:04Z"},{"ns":0,"title":"Odliv mozků","pageid":688651,"size":8635,"wordcount":992,"snippet":"ústav Akademie věd ČR, 2017 [cit. 2019-11-20]. Dostupné z: https://<span class=\"searchmatch\">encyklopedie<\/span>.<span class=\"searchmatch\">soc<\/span>.<span class=\"searchmatch\">cas<\/span>.<span class=\"searchmatch\">cz<\/span>/w/Odliv_mozků BERNARD, Josef. Mezinárodní migrace profesionálů","timestamp":"2020-06-23T22:35:06Z"},{"ns":0,"title":"Metasociologie","pageid":1451604,"size":5894,"wordcount":680,"snippet":"&quot;Metasociologie&quot;, Sociologická encyklopedie, staženo 9.11.2018, https://<span class=\"searchmatch\">encyklopedie<\/span>.<span class=\"searchmatch\">soc<\/span>.<span class=\"searchmatch\">cas<\/span>.<span class=\"searchmatch\">cz<\/span>/w/Metasociologie. &quot;Metasociology&quot;, Oxford Dictionaries, 9.11.2018","timestamp":"2018-11-27T20:07:37Z"},{"ns":0,"title":"Lubomír Brokl","pageid":1541483,"size":8271,"wordcount":694,"snippet":"encyklopedie [online]. [cit. 2019-12-03]. Dostupné online.  https://<span class=\"searchmatch\">encyklopedie<\/span>.<span class=\"searchmatch\">soc<\/span>.<span class=\"searchmatch\">cas<\/span>.<span class=\"searchmatch\">cz<\/span>/w/Brokl_Lubomír Autoritní data: AUT: jn20000400277 | GND: 171123921","timestamp":"2020-04-09T16:30:37Z"},{"ns":0,"title":"Proletarizace","pageid":1452656,"size":5305,"wordcount":617,"snippet":"encyklopedie [online]. Sociologický ústav AV ČR, 11.12.2017. Dostupné z: https://<span class=\"searchmatch\">encyklopedie<\/span>.<span class=\"searchmatch\">soc<\/span>.<span class=\"searchmatch\">cas<\/span>.<span class=\"searchmatch\">cz<\/span>/w/Proletarizace Portály: Ekonomie | Sociologie","timestamp":"2018-11-28T13:50:33Z"},{"ns":0,"title":"Ortodoxie (náboženství)","pageid":1614340,"size":8428,"wordcount":920,"snippet":"ctitelé pravidel Vinaja (obvykle mniši). Ortodoxie – Sociologická encyklopedie. <span class=\"searchmatch\">encyklopedie<\/span>.<span class=\"searchmatch\">soc<\/span>.<span class=\"searchmatch\">cas<\/span>.<span class=\"searchmatch\">cz<\/span> [online]. [cit. 2020-07-22]. Dostupné online. ","timestamp":"2020-07-22T07:35:36Z"},{"ns":0,"title":"Neomarxismus","pageid":318515,"size":28257,"wordcount":2505,"snippet":"ISBN 978-0-262-73113-3.  Miloslav Petrusek: heslo Neomarxismus na <span class=\"searchmatch\">encyklopedie<\/span>.<span class=\"searchmatch\">soc<\/span>.<span class=\"searchmatch\">cas<\/span>.<span class=\"searchmatch\">cz<\/span>, Sociologická encyklopedie. Editor Zdeněk R. Nešpor; Sociologický","timestamp":"2020-07-04T20:59:46Z"},{"ns":0,"title":"Spojené státy americké","pageid":3183,"size":196980,"wordcount":17189,"snippet":"Dostupné online. (česky)  New Deal – Sociologická encyklopedie. <span class=\"searchmatch\">encyklopedie<\/span>.<span class=\"searchmatch\">soc<\/span>.<span class=\"searchmatch\">cas<\/span>.<span class=\"searchmatch\">cz<\/span> [online]. [cit. 2019-06-16]. Dostupné online.  Pearl Harbor: Začátek","timestamp":"2020-08-28T09:58:26Z"},{"ns":0,"title":"Femokracie","pageid":1453979,"size":8021,"wordcount":930,"snippet":"strukturu a nevede ke zlepšení politického statutu žen. https://<span class=\"searchmatch\">encyklopedie<\/span>.<span class=\"searchmatch\">soc<\/span>.<span class=\"searchmatch\">cas<\/span>.<span class=\"searchmatch\">cz<\/span>/w/Femokracie, 18.11.2018 Findlay (2015), s. 4–7 Badran (2009),","timestamp":"2020-06-06T10:25:16Z"},{"ns":0,"title":"Narcismus","pageid":369412,"size":43786,"wordcount":5375,"snippet":"{{Cite book}} označená jako k „pouze dočasnému použití“. https://<span class=\"searchmatch\">encyklopedie<\/span>.<span class=\"searchmatch\">soc<\/span>.<span class=\"searchmatch\">cas<\/span>.<span class=\"searchmatch\">cz<\/span>/w/Dialektika_p%C3%A1na_a_raba Více o teorii panství v sociologii","timestamp":"2020-06-07T14:57:36Z"},{"ns":0,"title":"Autoprezentace","pageid":1452947,"size":7790,"wordcount":801,"snippet":"14746/pt.2008.9.9.  Autoprezentace – Sociologická encyklopedie. <span class=\"searchmatch\">encyklopedie<\/span>.<span class=\"searchmatch\">soc<\/span>.<span class=\"searchmatch\">cas<\/span>.<span class=\"searchmatch\">cz<\/span> [online]. [cit. 2018-11-30]. Dostupné online. (česky)  SULS, Jerry","timestamp":"2020-02-11T13:01:26Z"},{"ns":0,"title":"Tichá revoluce","pageid":1538604,"size":13932,"wordcount":1620,"snippet":"[online]. 3.3.2018 [cit. 2019-11-02]. Dostupné také z: https://<span class=\"searchmatch\">encyklopedie<\/span>.<span class=\"searchmatch\">soc<\/span>.<span class=\"searchmatch\">cas<\/span>.<span class=\"searchmatch\">cz<\/span>/w/Revoluce_tichá WAISOVÁ, Šárka. Změna hodnotových preferencí české","timestamp":"2020-06-05T16:12:35Z"},{"ns":0,"title":"Lidská rasa","pageid":514477,"size":90619,"wordcount":9138,"snippet":"2020-08-23]. Dostupné online.  Rasa – Sociologická encyklopedie. <span class=\"searchmatch\">encyklopedie<\/span>.<span class=\"searchmatch\">soc<\/span>.<span class=\"searchmatch\">cas<\/span>.<span class=\"searchmatch\">cz<\/span> [online]. [cit. 2020-08-23]. Dostupné online.  Fossilworks: Homo","timestamp":"2020-09-05T12:14:34Z"},{"ns":0,"title":"Tomáš Čep","pageid":1541745,"size":10746,"wordcount":1063,"snippet":"2019-11-29]. Dostupné online.  Čep Tomáš – Sociologická encyklopedie. <span class=\"searchmatch\">encyklopedie<\/span>.<span class=\"searchmatch\">soc<\/span>.<span class=\"searchmatch\">cas<\/span>.<span class=\"searchmatch\">cz<\/span> [online]. [cit. 2019-11-29]. Dostupné online.  Regionální zvláštnosti","timestamp":"2020-07-08T17:13:49Z"},{"ns":0,"title":"Irena Dubská","pageid":1541632,"size":6543,"wordcount":862,"snippet":"Odkazy. Konkrétní problémy: reference do standardní formy https://<span class=\"searchmatch\">encyklopedie<\/span>.<span class=\"searchmatch\">soc<\/span>.<span class=\"searchmatch\">cas<\/span>.<span class=\"searchmatch\">cz<\/span>/w/Dubsk%C3%A1_Irena https://www.phil.muni.cz/fil/scf/komplet/dubska","timestamp":"2020-06-19T10:48:36Z"},{"ns":0,"title":"Samuel Smiles","pageid":1502149,"size":39086,"wordcount":4069,"snippet":"Smiles, Thrift, p. 337. Snobismus – Sociologická encyklopedie. <span class=\"searchmatch\">encyklopedie<\/span>.<span class=\"searchmatch\">soc<\/span>.<span class=\"searchmatch\">cas<\/span>.<span class=\"searchmatch\">cz<\/span> [online]. [cit. 2019-05-30]. Dostupné online.  Smiles, p. 154.","timestamp":"2020-06-19T15:46:19Z"},{"ns":0,"title":"Homofilie","pageid":1541149,"size":28559,"wordcount":2978,"snippet":"0362-4331. (anglicky)  Homosexualita – Sociologická encyklopedie. <span class=\"searchmatch\">encyklopedie<\/span>.<span class=\"searchmatch\">soc<\/span>.<span class=\"searchmatch\">cas<\/span>.<span class=\"searchmatch\">cz<\/span> [online]. [cit. 2019-12-20]. Dostupné online.  BUYS, P. W. Homofilie","timestamp":"2020-06-20T15:47:31Z"}]}}
