{"batchcomplete":[""],"query":{"exturlusage":[{"pageid":4778,"ns":0,"title":"Wiki","url":"https://encyklopedie.soc.cas.cz"},{"pageid":1453072,"ns":0,"title":"Sociální gerontologie","url":"https://encyklopedie.soc.cas.cz/core/index.php"},{"pageid":619203,"ns":0,"title":"Ústav vědeckého ateismu ČSAV","url":"https://encyklopedie.soc.cas.cz/w/%C3%9Astav_v%C4%9Bdeck%C3%A9ho_ateismu_%C4%8CSAV"},{"pageid":1177017,"ns":0,"title":"Svobodná škola politických nauk","url":"https://encyklopedie.soc.cas.cz/w/%C4%8Casopis_Svobodn%C3%A9_%C5%A1koly_politick%C3%BDch_nauk_v_Praze"},{"pageid":1541745,"ns":0,"title":"Tomáš Čep","url":"https://encyklopedie.soc.cas.cz/w/%C4%8Cep_Tom%C3%A1%C5%A1"},{"pageid":288160,"ns":0,"title":"Česká akademie věd a umění","url":"https://encyklopedie.soc.cas.cz/w/%C4%8Cesk%C3%A1_akademie_v%C4%9Bd_a_um%C4%9Bn%C3%AD"},{"pageid":1452518,"ns":0,"title":"Jan Řehák","url":"https://encyklopedie.soc.cas.cz/w/%C5%98eh%C3%A1k_Jan"},{"pageid":96804,"ns":0,"title":"Chicagská škola (sociologie)","url":"https://encyklopedie.soc.cas.cz/w/%C5%A0kola_chicagsk%C3%A1"},{"pageid":15355,"ns":0,"title":"Frankfurtská škola","url":"https://encyklopedie.soc.cas.cz/w/%C5%A0kola_frankfurtsk%C3%A1"},{"pageid":1594435,"ns":0,"title":"Vasil Kaprálek Škrach","url":"https://encyklopedie.soc.cas.cz/w/%C5%A0krach_Vasil_Kapr%C3%A1lek"},{"pageid":1046328,"ns":0,"title":"Kulturní šok","url":"https://encyklopedie.soc.cas.cz/w/%C5%A0ok_kulturn%C3%AD"},{"pageid":736196,"ns":0,"title":"Anton Štefánek","url":"https://encyklopedie.soc.cas.cz/w/%C5%A0tef%C3%A1nek_Anton"},{"pageid":882838,"ns":0,"title":"Haló efekt","url":"https://encyklopedie.soc.cas.cz/w/%E2%80%9Ehal%C3%B3-efekt%E2%80%9C"},{"pageid":1170261,"ns":0,"title":"Sociální adaptace","url":"https://encyklopedie.soc.cas.cz/w/Adaptace"},{"pageid":816814,"ns":0,"title":"Agrarismus","url":"https://encyklopedie.soc.cas.cz/w/Agrarismus"},{"pageid":57328,"ns":0,"title":"Agrese","url":"https://encyklopedie.soc.cas.cz/w/Agrese"},{"pageid":9709,"ns":0,"title":"Akademismus","url":"https://encyklopedie.soc.cas.cz/w/Akademismus"},{"pageid":60192,"ns":0,"title":"Strukturální funkcionalismus","url":"https://encyklopedie.soc.cas.cz/w/Antropologie_funkcionalistick%C3%A1"},{"pageid":1452852,"ns":0,"title":"Konfiguracionismus","url":"https://encyklopedie.soc.cas.cz/w/Antropologie_lingvistick%C3%A1"},{"pageid":1452713,"ns":0,"title":"Strukturální antropologie","url":"https://encyklopedie.soc.cas.cz/w/Antropologie_struktur%C3%A1ln%C3%AD"},{"pageid":1452947,"ns":0,"title":"Autoprezentace","url":"https://encyklopedie.soc.cas.cz/w/Autoprezentace"},{"pageid":193688,"ns":0,"title":"Autorita","url":"https://encyklopedie.soc.cas.cz/w/Autorita"},{"pageid":180036,"ns":0,"title":"Bohuslav Blažek","url":"https://encyklopedie.soc.cas.cz/w/Bla%C5%BEek_Bohuslav"},{"pageid":1003860,"ns":0,"title":"Bratrstvo","url":"https://encyklopedie.soc.cas.cz/w/Bratrstvo"},{"pageid":1541483,"ns":0,"title":"Lubomír Brokl","url":"https://encyklopedie.soc.cas.cz/w/Brokl_Lubom%C3%ADr"},{"pageid":1540496,"ns":0,"title":"Oskar Butter","url":"https://encyklopedie.soc.cas.cz/w/Butter_Oskar"},{"pageid":173179,"ns":0,"title":"Emanuel Chalupný","url":"https://encyklopedie.soc.cas.cz/w/Chalupn%C3%BD_Emanuel"},{"pageid":526342,"ns":0,"title":"Sexuální chování","url":"https://encyklopedie.soc.cas.cz/w/Chov%C3%A1n%C3%AD_sexu%C3%A1ln%C3%AD"},{"pageid":58570,"ns":0,"title":"Chudoba","url":"https://encyklopedie.soc.cas.cz/w/Chudoba"},{"pageid":1466936,"ns":0,"title":"Standardní chyba","url":"https://encyklopedie.soc.cas.cz/w/Chyba_sm%C4%9Brodatn%C3%A1"},{"pageid":90966,"ns":0,"title":"Civilizace","url":"https://encyklopedie.soc.cas.cz/w/Civilizace"},{"pageid":1453085,"ns":3,"title":"Diskuse s wikipedistou:Anjacurina","url":"https://encyklopedie.soc.cas.cz/w/Coil_system"},{"pageid":150649,"ns":0,"title":"Dav","url":"https://encyklopedie.soc.cas.cz/w/Dav"},{"pageid":150615,"ns":0,"title":"Definice situace","url":"https://encyklopedie.soc.cas.cz/w/Definice_situace"},{"pageid":1283997,"ns":0,"title":"Technologický determinismus","url":"https://encyklopedie.soc.cas.cz/w/Determinismus_ekonomick%C3%BD"},{"pageid":1452271,"ns":0,"title":"Dezurbanizace","url":"https://encyklopedie.soc.cas.cz/w/Dezurbanizace"},{"pageid":369412,"ns":0,"title":"Narcismus","url":"https://encyklopedie.soc.cas.cz/w/Dialektika_p%C3%A1na_a_raba"},{"pageid":1452673,"ns":0,"title":"Difusionismus","url":"https://encyklopedie.soc.cas.cz/w/Difuzionismus"},{"pageid":1541632,"ns":0,"title":"Irena Dubská","url":"https://encyklopedie.soc.cas.cz/w/Dubsk%C3%A1_Irena"},{"pageid":10315,"ns":0,"title":"Enkulturace","url":"https://encyklopedie.soc.cas.cz/w/Enkulturace"},{"pageid":1247620,"ns":0,"title":"Esencialismus","url":"https://encyklopedie.soc.cas.cz/w/Esencialismus_metodologick%C3%BD"},{"pageid":102340,"ns":1,"title":"Diskuse:Češi","url":"https://encyklopedie.soc.cas.cz/w/Etnikum"},{"pageid":1479090,"ns":0,"title":"Etnologický ústav Akademie věd České republiky","url":"https://encyklopedie.soc.cas.cz/w/Etnologick%C3%BD_%C3%BAstav_AV_%C4%8CR"},{"pageid":271256,"ns":0,"title":"Exogamie","url":"https://encyklopedie.soc.cas.cz/w/Exogamie"},{"pageid":1453979,"ns":0,"title":"Femokracie","url":"https://encyklopedie.soc.cas.cz/w/Femokracie"},{"pageid":700823,"ns":0,"title":"Filosofický časopis","url":"https://encyklopedie.soc.cas.cz/w/Filosofick%C3%BD_%C4%8Dasopis"},{"pageid":1542646,"ns":0,"title":"Fourierismus","url":"https://encyklopedie.soc.cas.cz/w/Fourierismus"},{"pageid":988688,"ns":0,"title":"Břetislav Foustka","url":"https://encyklopedie.soc.cas.cz/w/Foustka_B%C5%99etislav"},{"pageid":58843,"ns":0,"title":"Ernest Gellner","url":"https://encyklopedie.soc.cas.cz/w/Gellner_Ernest_(Arno%C5%A1t)"},{"pageid":86033,"ns":0,"title":"Gender","url":"https://encyklopedie.soc.cas.cz/w/Gender"},{"pageid":1554036,"ns":3,"title":"Diskuse s wikipedistou:Jakub Jansa","url":"https://encyklopedie.soc.cas.cz/w/Geografie_obyvatelstva"},{"pageid":64000,"ns":0,"title":"Ghetto","url":"https://encyklopedie.soc.cas.cz/w/Ghetto"},{"pageid":137056,"ns":0,"title":"Glasnosť","url":"https://encyklopedie.soc.cas.cz/w/Glasnos%C5%A5"},{"pageid":902172,"ns":0,"title":"Globalistika","url":"https://encyklopedie.soc.cas.cz/w/Globalistika"},{"pageid":386150,"ns":0,"title":"Grantová agentura České republiky","url":"https://encyklopedie.soc.cas.cz/w/Grantov%C3%A1_agentura_%C4%8Cesk%C3%A9_republiky"},{"pageid":1452923,"ns":0,"title":"Ronald F. Inglehart","url":"https://encyklopedie.soc.cas.cz/w/Hlavn%C3%AD_strana"},{"pageid":623100,"ns":0,"title":"Ženská práva","url":"https://encyklopedie.soc.cas.cz/w/Hlavn%C3%AD_strana"},{"pageid":1599507,"ns":4,"title":"Wikipedie:Pod lípou/Archiv 2020/02","url":"https://encyklopedie.soc.cas.cz/w/Hlavn%C3%AD_strana"},{"pageid":15655,"ns":0,"title":"Homosexualita","url":"https://encyklopedie.soc.cas.cz/w/Homosexualita"},{"pageid":1541149,"ns":0,"title":"Homofilie","url":"https://encyklopedie.soc.cas.cz/w/Homosexualita"},{"pageid":102886,"ns":0,"title":"Incest","url":"https://encyklopedie.soc.cas.cz/w/Incest"},{"pageid":1453073,"ns":0,"title":"Indexikalita","url":"https://encyklopedie.soc.cas.cz/w/Indexikalita"},{"pageid":247494,"ns":0,"title":"Instituce","url":"https://encyklopedie.soc.cas.cz/w/Instituce"},{"pageid":86613,"ns":0,"title":"Sociální inteligence","url":"https://encyklopedie.soc.cas.cz/w/Inteligence_soci%C3%A1ln%C3%AD"},{"pageid":135685,"ns":0,"title":"Symbolický interakcionismus","url":"https://encyklopedie.soc.cas.cz/w/Interakcionismus_symbolick%C3%BD"},{"pageid":1452886,"ns":0,"title":"Hynek Jeřábek","url":"https://encyklopedie.soc.cas.cz/w/Je%C5%99%C3%A1bek_Hynek"},{"pageid":261236,"ns":0,"title":"Jiří Kabele","url":"https://encyklopedie.soc.cas.cz/w/Kabele_Ji%C5%99%C3%AD"},{"pageid":43051,"ns":0,"title":"Kulturní kapitál","url":"https://encyklopedie.soc.cas.cz/w/Kapit%C3%A1l_kulturn%C3%AD"},{"pageid":614843,"ns":0,"title":"Kariéra","url":"https://encyklopedie.soc.cas.cz/w/Kari%C3%A9ra"},{"pageid":189316,"ns":0,"title":"Jiřina Šiklová","url":"https://encyklopedie.soc.cas.cz/w/Karlova_univerzita_v_Praze"},{"pageid":1452518,"ns":0,"title":"Jan Řehák","url":"https://encyklopedie.soc.cas.cz/w/Kategorie:Aut:_%C5%98eh%C3%A1k_Jan"},{"pageid":8093,"ns":0,"title":"Jan Keller","url":"https://encyklopedie.soc.cas.cz/w/Keller_Jan"},{"pageid":71690,"ns":0,"title":"Komunita","url":"https://encyklopedie.soc.cas.cz/w/Komunita"},{"pageid":57336,"ns":0,"title":"Konflikt","url":"https://encyklopedie.soc.cas.cz/w/Konflikt"},{"pageid":128145,"ns":0,"title":"Konkubinát","url":"https://encyklopedie.soc.cas.cz/w/Konkubin%C3%A1t"},{"pageid":265275,"ns":0,"title":"Náboženská konverze","url":"https://encyklopedie.soc.cas.cz/w/Konverze"},{"pageid":24220,"ns":0,"title":"Láska","url":"https://encyklopedie.soc.cas.cz/w/L%C3%A1ska"},{"pageid":730147,"ns":0,"title":"Josef Macek (sociálnědemokratický politik)","url":"https://encyklopedie.soc.cas.cz/w/Macek_Josef"},{"pageid":337265,"ns":0,"title":"Pavel Machonin","url":"https://encyklopedie.soc.cas.cz/w/Machonin_Pavel"},{"pageid":1566049,"ns":4,"title":"Wikipedie:Diskuse o smazání/Volt (čarodějnictví)","url":"https://encyklopedie.soc.cas.cz/w/Magie"},{"pageid":921671,"ns":0,"title":"Volt (čarodějnictví)","url":"https://encyklopedie.soc.cas.cz/w/Magie"},{"pageid":14338,"ns":0,"title":"Manželství","url":"https://encyklopedie.soc.cas.cz/w/Man%C5%BEelstv%C3%AD"},{"pageid":1447957,"ns":2,"title":"Wikipedista:Kratochvan/Pískoviště","url":"https://encyklopedie.soc.cas.cz/w/Mare%C5%A1_Petr"},{"pageid":1608259,"ns":0,"title":"Masarykova sociologická společnost","url":"https://encyklopedie.soc.cas.cz/w/Masarykova_sociologick%C3%A1_spole%C4%8Dnost"},{"pageid":210625,"ns":0,"title":"Dialektický materialismus","url":"https://encyklopedie.soc.cas.cz/w/Materialismus_dialektick"},{"pageid":132436,"ns":0,"title":"Matriarchát","url":"https://encyklopedie.soc.cas.cz/w/Matriarch%C3%A1t"},{"pageid":1608274,"ns":0,"title":"Mazdaznan","url":"https://encyklopedie.soc.cas.cz/w/Mazdaznan"},{"pageid":524402,"ns":0,"title":"Melting pot","url":"https://encyklopedie.soc.cas.cz/w/Melting_pot"},{"pageid":346631,"ns":0,"title":"Menšina","url":"https://encyklopedie.soc.cas.cz/w/Men%C5%A1ina"},{"pageid":1177724,"ns":0,"title":"Jan Mertl","url":"https://encyklopedie.soc.cas.cz/w/Mertl_Jan"},{"pageid":1451544,"ns":2,"title":"Wikipedista:Barbora Mrkáčková/Pískoviště","url":"https://encyklopedie.soc.cas.cz/w/Metasociologie"},{"pageid":1451604,"ns":0,"title":"Metasociologie","url":"https://encyklopedie.soc.cas.cz/w/Metasociologie"},{"pageid":1453019,"ns":0,"title":"Mezaliance","url":"https://encyklopedie.soc.cas.cz/w/Mezaliance"},{"pageid":1459799,"ns":0,"title":"Mladá Francie","url":"https://encyklopedie.soc.cas.cz/w/Mlad%C3%A1_Francie"},{"pageid":46622,"ns":0,"title":"Sociální mobilita","url":"https://encyklopedie.soc.cas.cz/w/Mobilita_soci%C3%A1ln%C3%AD"},{"pageid":309031,"ns":0,"title":"Monogamie","url":"https://encyklopedie.soc.cas.cz/w/Monogamie"},{"pageid":256073,"ns":0,"title":"Jiří Musil (sociolog)","url":"https://encyklopedie.soc.cas.cz/w/Musil_ji%C5%99%C3%AD"},{"pageid":1599568,"ns":0,"title":"Přírodní národy","url":"https://encyklopedie.soc.cas.cz/w/N%C3%A1rody_p%C5%99%C3%ADrodn%C3%AD"},{"pageid":555161,"ns":0,"title":"Ladislav Žák","url":"https://encyklopedie.soc.cas.cz/w/Necessismus"},{"pageid":318515,"ns":0,"title":"Neomarxismus","url":"https://encyklopedie.soc.cas.cz/w/Neomarxismus"},{"pageid":272865,"ns":0,"title":"Sociální nerovnost","url":"https://encyklopedie.soc.cas.cz/w/Nerovnost_soci%C3%A1ln%C3%AD"},{"pageid":3183,"ns":0,"title":"Spojené státy americké","url":"https://encyklopedie.soc.cas.cz/w/New_Deal"},{"pageid":106635,"ns":0,"title":"Noosféra","url":"https://encyklopedie.soc.cas.cz/w/Noosf%C3%A9ra"},{"pageid":79553,"ns":0,"title":"Normalita","url":"https://encyklopedie.soc.cas.cz/w/Normalita"},{"pageid":1407502,"ns":0,"title":"Lubomír Nový","url":"https://encyklopedie.soc.cas.cz/w/Nov%C3%BD_Lubom%C3%ADr"},{"pageid":1247821,"ns":0,"title":"Opora výběru","url":"https://encyklopedie.soc.cas.cz/w/Opora_v%C3%BDb%C4%9Bru"},{"pageid":1614340,"ns":0,"title":"Ortodoxie (náboženství)","url":"https://encyklopedie.soc.cas.cz/w/Ortodoxie"},{"pageid":26378,"ns":0,"title":"Ostrakismus","url":"https://encyklopedie.soc.cas.cz/w/Ostrakismus"},{"pageid":251582,"ns":0,"title":"Přátelství","url":"https://encyklopedie.soc.cas.cz/w/P%C5%99%C3%A1telstv%C3%AD"},{"pageid":1006218,"ns":0,"title":"Pokrevní příbuzenství","url":"https://encyklopedie.soc.cas.cz/w/P%C5%99%C3%ADbuzenstv%C3%AD_pokrevn%C3%AD"},{"pageid":43217,"ns":0,"title":"Příbuzenství","url":"https://encyklopedie.soc.cas.cz/w/P%C5%99%C3%ADbuzenstv%C3%AD"},{"pageid":1530940,"ns":0,"title":"Katedra sociologie, andragogiky a kulturní antropologie Filozofické fakulty Univerzity Palackého","url":"https://encyklopedie.soc.cas.cz/w/Palack%C3%A9ho_univerzita_v_Olomouci"},{"pageid":14711,"ns":0,"title":"Patriarchát","url":"https://encyklopedie.soc.cas.cz/w/Patriarch%C3%A1t"},{"pageid":231805,"ns":0,"title":"Patrilinearita","url":"https://encyklopedie.soc.cas.cz/w/Patrilinearita"},{"pageid":189709,"ns":0,"title":"Miloslav Petrusek","url":"https://encyklopedie.soc.cas.cz/w/Petrusek_Miloslav"},{"pageid":50448,"ns":0,"title":"Pietismus","url":"https://encyklopedie.soc.cas.cz/w/Pietismus"},{"pageid":189146,"ns":0,"title":"Polygamie","url":"https://encyklopedie.soc.cas.cz/w/Polygamie"},{"pageid":367652,"ns":0,"title":"Popularita","url":"https://encyklopedie.soc.cas.cz/w/Popularita"},{"pageid":370364,"ns":0,"title":"Maslowova pyramida","url":"https://encyklopedie.soc.cas.cz/w/Pot%C5%99eby"},{"pageid":578186,"ns":0,"title":"Martin Potůček","url":"https://encyklopedie.soc.cas.cz/w/Pot%C5%AF%C4%8Dek_Martin"},{"pageid":56399,"ns":0,"title":"Pozorování","url":"https://encyklopedie.soc.cas.cz/w/Pozorov%C3%A1n%C3%AD"},{"pageid":623100,"ns":0,"title":"Ženská práva","url":"https://encyklopedie.soc.cas.cz/w/Pr%C3%A1vo"},{"pageid":1103967,"ns":0,"title":"Průmysl volného času","url":"https://encyklopedie.soc.cas.cz/w/Pr%C5%AFmysl_voln%C3%A9ho_%C4%8Dasu"},{"pageid":308857,"ns":0,"title":"Preference","url":"https://encyklopedie.soc.cas.cz/w/Preference"},{"pageid":51558,"ns":0,"title":"Prestiž","url":"https://encyklopedie.soc.cas.cz/w/Presti%C5%BE"},{"pageid":1589862,"ns":3,"title":"Diskuse s wikipedistou:2A02:8308:9043:F400:15B7:5D36:F7E:9141","url":"https://encyklopedie.soc.cas.cz/w/Presti%C5%BE_(MSgS)"},{"pageid":298785,"ns":0,"title":"Privilegium","url":"https://encyklopedie.soc.cas.cz/w/Privilegium"},{"pageid":10354,"ns":0,"title":"Amatér","url":"https://encyklopedie.soc.cas.cz/w/Profesionalizace"},{"pageid":1452656,"ns":0,"title":"Proletarizace","url":"https://encyklopedie.soc.cas.cz/w/Proletarizace"},{"pageid":61180,"ns":0,"title":"Promiskuita","url":"https://encyklopedie.soc.cas.cz/w/Promiskuita"},{"pageid":12841,"ns":0,"title":"Prostituce","url":"https://encyklopedie.soc.cas.cz/w/Prostituce"},{"pageid":368308,"ns":0,"title":"Puritáni","url":"https://encyklopedie.soc.cas.cz/w/Puritanismus"},{"pageid":512225,"ns":0,"title":"Racionalita","url":"https://encyklopedie.soc.cas.cz/w/Racionalita"},{"pageid":514477,"ns":0,"title":"Lidská rasa","url":"https://encyklopedie.soc.cas.cz/w/Rasa"},{"pageid":880367,"ns":0,"title":"Reflexivita (sociologie)","url":"https://encyklopedie.soc.cas.cz/w/Reflexivita"},{"pageid":983929,"ns":0,"title":"Kulturní relativismus","url":"https://encyklopedie.soc.cas.cz/w/Relativismus_kulturn%C3%AD"},{"pageid":313846,"ns":0,"title":"Resocializace","url":"https://encyklopedie.soc.cas.cz/w/Resocializace"},{"pageid":1045869,"ns":0,"title":"Sexuální revoluce","url":"https://encyklopedie.soc.cas.cz/w/Revoluce_sexu%C3%A1ln%C3%AD"},{"pageid":1452923,"ns":0,"title":"Ronald F. Inglehart","url":"https://encyklopedie.soc.cas.cz/w/Revoluce_tich%C3%A1"},{"pageid":1538604,"ns":0,"title":"Tichá revoluce","url":"https://encyklopedie.soc.cas.cz/w/Revoluce_tich%C3%A1"},{"pageid":150719,"ns":0,"title":"Rituál","url":"https://encyklopedie.soc.cas.cz/w/Ritu%C3%A1l"},{"pageid":1048237,"ns":0,"title":"Ritualismus","url":"https://encyklopedie.soc.cas.cz/w/Ritu%C3%A1l"},{"pageid":1006206,"ns":0,"title":"Rod (příbuzenství)","url":"https://encyklopedie.soc.cas.cz/w/Rod"},{"pageid":42966,"ns":0,"title":"Rodina","url":"https://encyklopedie.soc.cas.cz/w/Rodina"},{"pageid":1622611,"ns":1,"title":"Diskuse:Homoparentalita/Archiv3","url":"https://encyklopedie.soc.cas.cz/w/Rodina"},{"pageid":1185697,"ns":3,"title":"Diskuse s wikipedistou:77.240.103.195","url":"https://encyklopedie.soc.cas.cz/w/Role"},{"pageid":1576586,"ns":0,"title":"Sociální rovnost","url":"https://encyklopedie.soc.cas.cz/w/Rovnost_soci%C3%A1ln%C3%AD"},{"pageid":197639,"ns":0,"title":"Svatba","url":"https://encyklopedie.soc.cas.cz/w/S%C5%88atek"},{"pageid":332225,"ns":0,"title":"Sexualita","url":"https://encyklopedie.soc.cas.cz/w/Sexualita"},{"pageid":1502149,"ns":0,"title":"Samuel Smiles","url":"https://encyklopedie.soc.cas.cz/w/Snobismus"},{"pageid":528078,"ns":0,"title":"Sociální studia","url":"https://encyklopedie.soc.cas.cz/w/Soci%C3%A1ln%C3%AD_studia"},{"pageid":1540496,"ns":0,"title":"Oskar Butter","url":"https://encyklopedie.soc.cas.cz/w/Sociologick%C3%A1_revue"},{"pageid":1455527,"ns":0,"title":"Sociologické nakladatelství","url":"https://encyklopedie.soc.cas.cz/w/Sociologick%C3%A9_nakladatelstv%C3%AD_(SLON)"},{"pageid":1247802,"ns":0,"title":"Sociologický ústav Akademie věd České republiky","url":"https://encyklopedie.soc.cas.cz/w/Sociologick%C3%BD_%C3%BAstav_AV_%C4%8CR"},{"pageid":1608258,"ns":0,"title":"Laická sociologie","url":"https://encyklopedie.soc.cas.cz/w/Sociologie_laick%C3%A1"},{"pageid":1541339,"ns":0,"title":"Sociologie rodiny","url":"https://encyklopedie.soc.cas.cz/w/Sociologie_rodiny"},{"pageid":1541488,"ns":0,"title":"Sociologie venkova","url":"https://encyklopedie.soc.cas.cz/w/Sociologie_venkova"},{"pageid":1541488,"ns":0,"title":"Sociologie venkova","url":"https://encyklopedie.soc.cas.cz/w/Sociologie_zem%C4%9Bd%C4%9Blstv%C3%AD"},{"pageid":430509,"ns":0,"title":"Solidarita","url":"https://encyklopedie.soc.cas.cz/w/Solidarita"},{"pageid":1541488,"ns":0,"title":"Sociologie venkova","url":"https://encyklopedie.soc.cas.cz/w/Sorokin_Pitirim_Alexandrovi%C4%8D"},{"pageid":257528,"ns":0,"title":"Společnost","url":"https://encyklopedie.soc.cas.cz/w/Spole%C4%8Dnost"},{"pageid":1048466,"ns":0,"title":"Riziková společnost","url":"https://encyklopedie.soc.cas.cz/w/Spole%C4%8Dnost_rizikov%C3%A1"},{"pageid":1517649,"ns":0,"title":"Rodinný stav","url":"https://encyklopedie.soc.cas.cz/w/Stav_rodinn%C3%BD"},{"pageid":379431,"ns":0,"title":"Stereotyp","url":"https://encyklopedie.soc.cas.cz/w/Stereotyp_dynamick%C3%BD"},{"pageid":46308,"ns":0,"title":"Sociální stratifikace","url":"https://encyklopedie.soc.cas.cz/w/Stratifikace_soci%C3%A1ln%C3%AD"},{"pageid":232927,"ns":0,"title":"Subkultura","url":"https://encyklopedie.soc.cas.cz/w/Subkultura"},{"pageid":667142,"ns":0,"title":"Suburbanizace","url":"https://encyklopedie.soc.cas.cz/w/Suburbanizace"},{"pageid":1452852,"ns":0,"title":"Konfiguracionismus","url":"https://encyklopedie.soc.cas.cz/w/T%C3%A9mata_kulturn%C3%AD"},{"pageid":258087,"ns":0,"title":"Dělnická třída","url":"https://encyklopedie.soc.cas.cz/w/T%C5%99%C3%ADda_d%C4%9Blnick%C3%A1"},{"pageid":1541488,"ns":0,"title":"Sociologie venkova","url":"https://encyklopedie.soc.cas.cz/w/Tauber_Jan_Bohumil"},{"pageid":1542623,"ns":0,"title":"Teorie komunikace","url":"https://encyklopedie.soc.cas.cz/w/Teorie_komunikace"},{"pageid":202988,"ns":0,"title":"Tolerance","url":"https://encyklopedie.soc.cas.cz/w/Tolerance"},{"pageid":738920,"ns":0,"title":"Antonín Uhlíř","url":"https://encyklopedie.soc.cas.cz/w/Uhl%C3%AD%C5%99_Anton%C3%ADn"},{"pageid":1126296,"ns":0,"title":"Výzkumný ústav práce a sociálních věcí","url":"https://encyklopedie.soc.cas.cz/w/V%C3%BDzkumn%C3%BD_%C3%BAstav_pr%C3%A1ce_a_soci%C3%A1ln%C3%ADch_v%C4%9Bc%C3%AD"},{"pageid":233082,"ns":0,"title":"Diaspora","url":"https://encyklopedie.soc.cas.cz/w/VSgS"},{"pageid":982537,"ns":0,"title":"Kapitál (sociologie)","url":"https://encyklopedie.soc.cas.cz/w/VSgS"},{"pageid":689226,"ns":0,"title":"Veřejnost","url":"https://encyklopedie.soc.cas.cz/w/Ve%C5%99ejnost"},{"pageid":150841,"ns":0,"title":"Venkov","url":"https://encyklopedie.soc.cas.cz/w/Venkov"},{"pageid":1452852,"ns":0,"title":"Konfiguracionismus","url":"https://encyklopedie.soc.cas.cz/w/Vzor_kulturn%C3%AD"},{"pageid":1154749,"ns":0,"title":"Kulturní změna","url":"https://encyklopedie.soc.cas.cz/w/Zm%C4%9Bna_kulturn%C3%AD"}]}}
