{"batchcomplete":[""],"query":{"searchinfo":{"totalhits":[3]},"search":[{"ns":0,"title":"Sociální status","pageid":47052,"size":23658,"wordcount":2705,"snippet":"Malý <span class=\"searchmatch\">sociologický<\/span> <span class=\"searchmatch\">slovník<\/span>. [s.l.]: [s.n.] S. 467.  TUREK; OBORSKÁ. <span class=\"searchmatch\">Malý<\/span> <span class=\"searchmatch\">sociologický<\/span> <span class=\"searchmatch\">slovník<\/span>. [s.l.]: [s.n.] S. 467.  TUREK; OBORSKÁ. <span class=\"searchmatch\">Malý<\/span> <span class=\"searchmatch\">sociologický<\/span> slovník","timestamp":"2020-06-05T15:56:59Z"},{"ns":0,"title":"Miloslav Petrusek","pageid":189709,"size":7146,"wordcount":638,"snippet":"1968 však musely být jeho výsledky staženy, stejně jako vydaný <span class=\"searchmatch\">Malý<\/span> <span class=\"searchmatch\">sociologický<\/span> <span class=\"searchmatch\">slovník<\/span> vytvořený kolektivem autorů. Mezi lety 1967–1979 působil jako","timestamp":"2020-07-21T18:34:29Z"},{"ns":0,"title":"Xenofobie","pageid":80098,"size":28743,"wordcount":2690,"snippet":"FISCHER, Josef Ludvík; PETRUSEK, Miloslav; STRMISKA, Zdeněk. <span class=\"searchmatch\">Malý<\/span> <span class=\"searchmatch\">sociologický<\/span> <span class=\"searchmatch\">slovník<\/span>. Praha: Svoboda, 1970.  GEIST, Bohumil. Psychologický slovník","timestamp":"2020-04-07T19:40:29Z"}]}}
