{"batchcomplete":[""],"query":{"searchinfo":{"totalhits":[1]},"search":[{"ns":0,"title":"Katedra sociologie, andragogiky a kulturní antropologie Filozofické fakulty Univerzity Palackého","pageid":1530940,"size":6645,"wordcount":685,"snippet":" Zdeněk R. &quot;Palackého univerzita v Olomouci&quot;. In <span class=\"searchmatch\">Slovník<\/span> <span class=\"searchmatch\">institucionálního<\/span> <span class=\"searchmatch\">zázemí<\/span> <span class=\"searchmatch\">české<\/span> <span class=\"searchmatch\">sociologie<\/span> [online]. Praha: Scriptorium, 2017. Dostupné online","timestamp":"2020-08-05T17:43:53Z"}]}}
