{"batchcomplete":[""],"query":{"searchinfo":{"totalhits":[2]},"search":[{"ns":0,"title":"Igor Tomeš","pageid":816683,"size":3339,"wordcount":349,"snippet":"K. Koldinskou) Sociální právo ČR, Linde 2013, se spoluautory <span class=\"searchmatch\">Slovník<\/span> <span class=\"searchmatch\">českých<\/span> <span class=\"searchmatch\">sociologů<\/span>, Academia 2013 Pocta Igoru Tomešovi, VŠAP, Praha 2006 Kdo je kdo","timestamp":"2020-06-08T11:15:58Z"},{"ns":0,"title":"Petr Matějů","pageid":839491,"size":27514,"wordcount":2915,"snippet":"ry&amp;colName=WOS[nedostupný zdroj] Zdeněk R. Nešpor a kolektiv. <span class=\"searchmatch\">Slovník<\/span> <span class=\"searchmatch\">českých<\/span> <span class=\"searchmatch\">sociologů<\/span>. [s.l.]: Academia, 2013. ISBN 978-80-200-2221-9. (česky)  kol","timestamp":"2020-07-14T00:41:14Z"}]}}
