"","article_titles","article_id","article_text_mention"
"1","Jan Řehák",1452518,"encyklopedie [online]. [cit. 2018-11-27]. Dostupné z: https://<span class=""searchmatch"">encyklopedie</span>.<span class=""searchmatch"">soc</span>.<span class=""searchmatch"">cas</span>.<span class=""searchmatch"">cz</span>/w/%C5%98eh%C3%A1k_Jan VEČERNÍK, Jiří. Řehák Jan. Sociologická encyklopedie"
"2","Pietismus",50448,"2019-04-22]. Dostupné online.  Pietismus – Sociologická encyklopedie. <span class=""searchmatch"">encyklopedie</span>.<span class=""searchmatch"">soc</span>.<span class=""searchmatch"">cas</span>.<span class=""searchmatch"">cz</span> [online]. [cit. 2019-04-22]. Dostupné online.  Ludmilla Elisabeth"
"3","Sociologie venkova",1541488," <span class=""searchmatch"">encyklopedie</span>.<span class=""searchmatch"">soc</span>.<span class=""searchmatch"">cas</span>.<span class=""searchmatch"">cz</span> [online]. [cit. 2019-11-28]. Dostupné online.  Sociologie zemědělství – Sociologická encyklopedie. <span class=""searchmatch"">encyklopedie</span>.<span class=""searchmatch"">soc</span>.<span class=""searchmatch"">cas</span>.<span class=""searchmatch"">cz</span> [online]"
"4","Technologický determinismus",1283997,"S. 44.  Determinismus ekonomický – Sociologická encyklopedie. <span class=""searchmatch"">encyklopedie</span>.<span class=""searchmatch"">soc</span>.<span class=""searchmatch"">cas</span>.<span class=""searchmatch"">cz</span> [online]. [cit. 2019-05-04]. Dostupné online.  V tomto článku byl"
"5","Amatér",10354,"11. 12. 2017 v 17:03 [cit. 27. 12. 2018]. Dostupné z: https://<span class=""searchmatch"">encyklopedie</span>.<span class=""searchmatch"">soc</span>.<span class=""searchmatch"">cas</span>.<span class=""searchmatch"">cz</span>/w/Profesionalizace Akademický slovník cizích slov. Praha: Academia"
"6","Ženská práva",623100,"Sociologický ústav AV ČR, 2018 [cit. 10. 2. 2019]. Dostupné z: https://<span class=""searchmatch"">encyklopedie</span>.<span class=""searchmatch"">soc</span>.<span class=""searchmatch"">cas</span>.<span class=""searchmatch"">cz</span>/w/Hlavn%C3%AD_strana Gender Mezinárodní pakt o hospodářských, sociálních"
"7","Glasnosť",137056,"srpnu 1991. BAYER, Ivo. Glasnosť – Sociologická encyklopedie. <span class=""searchmatch"">encyklopedie</span>.<span class=""searchmatch"">soc</span>.<span class=""searchmatch"">cas</span>.<span class=""searchmatch"">cz</span> [online]. [cit. 2020-06-27]. Dostupné online.  PETRÁČEK, Zbyněk"
"8","Civilizace",90966,"pdf Civilizace – Sociologická encyklopedie. <span class=""searchmatch"">encyklopedie</span>.<span class=""searchmatch"">soc</span>.<span class=""searchmatch"">cas</span>.<span class=""searchmatch"">cz</span> [online]. [cit. 2020-06-11]. Dostupné online.  http://www.pbs"
"9","Přátelství",251582," Praha: F. Topič, 1912. Osení, knihy mladých čtenářů. https://<span class=""searchmatch"">encyklopedie</span>.<span class=""searchmatch"">soc</span>.<span class=""searchmatch"">cas</span>.<span class=""searchmatch"">cz</span>/w/P%C5%99%C3%A1telstv%C3%AD RÖHR, Heinz-Peter. Závislé vztahy:"
"10","Oskar Butter",1540496,"Osvětim Tomáš Garrigue Masaryk https://<span class=""searchmatch"">encyklopedie</span>.<span class=""searchmatch"">soc</span>.<span class=""searchmatch"">cas</span>.<span class=""searchmatch"">cz</span>/w/Butter_Oskar https://<span class=""searchmatch"">encyklopedie</span>.<span class=""searchmatch"">soc</span>.<span class=""searchmatch"">cas</span>.<span class=""searchmatch"">cz</span>/w/Sociologick%C3%A1_revue https://ckis.cuni"
"11","Volt (čarodějnictví)",921671,"2016-07-08 [cit. 2020-02-16]. Dostupné online.  Magie – Sociologická encyklopedie. <span class=""searchmatch"">encyklopedie</span>.<span class=""searchmatch"">soc</span>.<span class=""searchmatch"">cas</span>.<span class=""searchmatch"">cz</span> [online]. [cit. 2020-02-16]. Dostupné online. "
"12","Fourierismus",1542646,"určité míry ovlivnil. Fourierismus – Sociologická encyklopedie. <span class=""searchmatch"">encyklopedie</span>.<span class=""searchmatch"">soc</span>.<span class=""searchmatch"">cas</span>.<span class=""searchmatch"">cz</span> [online]. [cit. 2019-12-02]. Dostupné online.  American Communities"
"13","Frankfurtská škola",15355,"5771/0023-4834-1976-2-175.  Škola frankfurtská – Sociologická encyklopedie. <span class=""searchmatch"">encyklopedie</span>.<span class=""searchmatch"">soc</span>.<span class=""searchmatch"">cas</span>.<span class=""searchmatch"">cz</span> [online]. [cit. 2019-12-02]. Dostupné online.  SIOSTRZONEK, Pavel"
"14","Standardní chyba",1466936,"lidí. Jan Řehák. Chyba směrodatná – Sociologická encyklopedie. <span class=""searchmatch"">encyklopedie</span>.<span class=""searchmatch"">soc</span>.<span class=""searchmatch"">cas</span>.<span class=""searchmatch"">cz</span> [online]. [cit. 2019-01-30]. Dostupné online.  Střední kvadratická"
"15","Difusionismus",1452673," Dostupné online.  Difuzionismus – Sociologická encyklopedie. <span class=""searchmatch"">encyklopedie</span>.<span class=""searchmatch"">soc</span>.<span class=""searchmatch"">cas</span>.<span class=""searchmatch"">cz</span> [online]. [cit. 2018-11-27]. Dostupné online. (česky)  HKS. Hospodářská"
"16","Sociální gerontologie",1453072,"v pozdějším životě. KASALOVÁ, Hana. Sociologická encyklopedie. <span class=""searchmatch"">encyklopedie</span>.<span class=""searchmatch"">soc</span>.<span class=""searchmatch"">cas</span>.<span class=""searchmatch"">cz</span> [online]. [cit. 2018-11-30]. Dostupné online. (česky)  PHILLIPSON"
"17","Teorie komunikace",1542623,"1996. S. 1293.  Teorie komunikace – Sociologická encyklopedie. <span class=""searchmatch"">encyklopedie</span>.<span class=""searchmatch"">soc</span>.<span class=""searchmatch"">cas</span>.<span class=""searchmatch"">cz</span> [online]. [cit. 2019-12-02]. Dostupné online.  [3] A. Giddens,"
"18","Agrarismus",816814,"na anglické Wikipedii. Agrarismus – Sociologická encyklopedie. <span class=""searchmatch"">encyklopedie</span>.<span class=""searchmatch"">soc</span>.<span class=""searchmatch"">cas</span>.<span class=""searchmatch"">cz</span> [online]. [cit. 2018-11-29]. Dostupné online. (česky)  M. Thomas"
"19","Strukturální antropologie",1452713,"antropologie Antropologie strukturální – Sociologická encyklopedie. <span class=""searchmatch"">encyklopedie</span>.<span class=""searchmatch"">soc</span>.<span class=""searchmatch"">cas</span>.<span class=""searchmatch"">cz</span> [online]. [cit. 2018-11-28]. Dostupné online. (česky)  1908-1990"
"20","Ronald F. Inglehart",1452923,"https://lcsr.hse.ru/en/ https://<span class=""searchmatch"">encyklopedie</span>.<span class=""searchmatch"">soc</span>.<span class=""searchmatch"">cas</span>.<span class=""searchmatch"">cz</span>/w/Revoluce_tich%C3%A1 www.jstor.org/stable/522320 https://<span class=""searchmatch"">encyklopedie</span>.<span class=""searchmatch"">soc</span>.<span class=""searchmatch"">cas</span>.<span class=""searchmatch"">cz</span>/w/Hlavn%C3%AD_strana Autoritní"
"21","Symbolický interakcionismus",135685,"(česky)  Interakcionismus symbolický – Sociologická encyklopedie. <span class=""searchmatch"">encyklopedie</span>.<span class=""searchmatch"">soc</span>.<span class=""searchmatch"">cas</span>.<span class=""searchmatch"">cz</span> [online]. [cit. 2018-11-30]. Dostupné online. (česky)  1955-, Keller"
"22","Pavel Machonin",337265,"Pavel Machonin na Obalkyknih.cz Nekrolog na Novinky.cz https://<span class=""searchmatch"">encyklopedie</span>.<span class=""searchmatch"">soc</span>.<span class=""searchmatch"">cas</span>.<span class=""searchmatch"">cz</span>/w/Machonin_Pavel Autoritní data: AUT: jk01073027 | GND: 12343484X"
"23","Odliv mozků",688651,"ústav Akademie věd ČR, 2017 [cit. 2019-11-20]. Dostupné z: https://<span class=""searchmatch"">encyklopedie</span>.<span class=""searchmatch"">soc</span>.<span class=""searchmatch"">cas</span>.<span class=""searchmatch"">cz</span>/w/Odliv_mozků BERNARD, Josef. Mezinárodní migrace profesionálů"
"24","Metasociologie",1451604,"&quot;Metasociologie&quot;, Sociologická encyklopedie, staženo 9.11.2018, https://<span class=""searchmatch"">encyklopedie</span>.<span class=""searchmatch"">soc</span>.<span class=""searchmatch"">cas</span>.<span class=""searchmatch"">cz</span>/w/Metasociologie. &quot;Metasociology&quot;, Oxford Dictionaries, 9.11.2018"
"25","Lubomír Brokl",1541483,"encyklopedie [online]. [cit. 2019-12-03]. Dostupné online.  https://<span class=""searchmatch"">encyklopedie</span>.<span class=""searchmatch"">soc</span>.<span class=""searchmatch"">cas</span>.<span class=""searchmatch"">cz</span>/w/Brokl_Lubomír Autoritní data: AUT: jn20000400277 | GND: 171123921"
"26","Proletarizace",1452656,"encyklopedie [online]. Sociologický ústav AV ČR, 11.12.2017. Dostupné z: https://<span class=""searchmatch"">encyklopedie</span>.<span class=""searchmatch"">soc</span>.<span class=""searchmatch"">cas</span>.<span class=""searchmatch"">cz</span>/w/Proletarizace Portály: Ekonomie | Sociologie"
"27","Neomarxismus",318515,"ISBN 978-0-262-73113-3.  Miloslav Petrusek: heslo Neomarxismus na <span class=""searchmatch"">encyklopedie</span>.<span class=""searchmatch"">soc</span>.<span class=""searchmatch"">cas</span>.<span class=""searchmatch"">cz</span>, Sociologická encyklopedie. Editor Zdeněk R. Nešpor; Sociologický"
"28","Spojené státy americké",3183,"Dostupné online. (česky)  New Deal – Sociologická encyklopedie. <span class=""searchmatch"">encyklopedie</span>.<span class=""searchmatch"">soc</span>.<span class=""searchmatch"">cas</span>.<span class=""searchmatch"">cz</span> [online]. [cit. 2019-06-16]. Dostupné online.  Pearl Harbor: Začátek"
"29","Ortodoxie (náboženství)",1614340,"ctitelé pravidel Vinaja (obvykle mniši). Ortodoxie – Sociologická encyklopedie. <span class=""searchmatch"">encyklopedie</span>.<span class=""searchmatch"">soc</span>.<span class=""searchmatch"">cas</span>.<span class=""searchmatch"">cz</span> [online]. [cit. 2020-07-22]. Dostupné online. "
"30","Femokracie",1453979,"strukturu a nevede ke zlepšení politického statutu žen. https://<span class=""searchmatch"">encyklopedie</span>.<span class=""searchmatch"">soc</span>.<span class=""searchmatch"">cas</span>.<span class=""searchmatch"">cz</span>/w/Femokracie, 18.11.2018 Findlay (2015), s. 4–7 Badran (2009),"
"31","Narcismus",369412,"{{Cite book}} označená jako k „pouze dočasnému použití“. https://<span class=""searchmatch"">encyklopedie</span>.<span class=""searchmatch"">soc</span>.<span class=""searchmatch"">cas</span>.<span class=""searchmatch"">cz</span>/w/Dialektika_p%C3%A1na_a_raba Více o teorii panství v sociologii"
"32","Autoprezentace",1452947,"14746/pt.2008.9.9.  Autoprezentace – Sociologická encyklopedie. <span class=""searchmatch"">encyklopedie</span>.<span class=""searchmatch"">soc</span>.<span class=""searchmatch"">cas</span>.<span class=""searchmatch"">cz</span> [online]. [cit. 2018-11-30]. Dostupné online. (česky)  SULS, Jerry"
"33","Tichá revoluce",1538604,"[online]. 3.3.2018 [cit. 2019-11-02]. Dostupné také z: https://<span class=""searchmatch"">encyklopedie</span>.<span class=""searchmatch"">soc</span>.<span class=""searchmatch"">cas</span>.<span class=""searchmatch"">cz</span>/w/Revoluce_tichá WAISOVÁ, Šárka. Změna hodnotových preferencí české"
"34","Lidská rasa",514477,"2020-08-23]. Dostupné online.  Rasa – Sociologická encyklopedie. <span class=""searchmatch"">encyklopedie</span>.<span class=""searchmatch"">soc</span>.<span class=""searchmatch"">cas</span>.<span class=""searchmatch"">cz</span> [online]. [cit. 2020-08-23]. Dostupné online.  Fossilworks: Homo"
"35","Tomáš Čep",1541745,"2019-11-29]. Dostupné online.  Čep Tomáš – Sociologická encyklopedie. <span class=""searchmatch"">encyklopedie</span>.<span class=""searchmatch"">soc</span>.<span class=""searchmatch"">cas</span>.<span class=""searchmatch"">cz</span> [online]. [cit. 2019-11-29]. Dostupné online.  Regionální zvláštnosti"
"36","Irena Dubská",1541632,"Odkazy. Konkrétní problémy: reference do standardní formy https://<span class=""searchmatch"">encyklopedie</span>.<span class=""searchmatch"">soc</span>.<span class=""searchmatch"">cas</span>.<span class=""searchmatch"">cz</span>/w/Dubsk%C3%A1_Irena https://www.phil.muni.cz/fil/scf/komplet/dubska"
"37","Samuel Smiles",1502149,"Smiles, Thrift, p. 337. Snobismus – Sociologická encyklopedie. <span class=""searchmatch"">encyklopedie</span>.<span class=""searchmatch"">soc</span>.<span class=""searchmatch"">cas</span>.<span class=""searchmatch"">cz</span> [online]. [cit. 2019-05-30]. Dostupné online.  Smiles, p. 154."
"38","Homofilie",1541149,"0362-4331. (anglicky)  Homosexualita – Sociologická encyklopedie. <span class=""searchmatch"">encyklopedie</span>.<span class=""searchmatch"">soc</span>.<span class=""searchmatch"">cas</span>.<span class=""searchmatch"">cz</span> [online]. [cit. 2019-12-20]. Dostupné online.  BUYS, P. W. Homofilie"
