{"batchcomplete":[""],"query":{"searchinfo":{"totalhits":[188]},"search":[{"ns":0,"title":"Měšťanstvo","pageid":376137,"size":3784,"wordcount":397,"snippet":"označení „měšťák“, které se těžko překládá do jiných jazyků. <span class=\"searchmatch\">Velký<\/span> <span class=\"searchmatch\">sociologický<\/span> <span class=\"searchmatch\">slovník<\/span>, heslo Buržoazie. Horská – Maur – Musil, Zrod velkoměsta. Urbanizace","timestamp":"2020-08-23T21:12:50Z"},{"ns":0,"title":"Evolucionismus","pageid":190875,"size":12692,"wordcount":1241,"snippet":"přinejmenším zčásti odlišně. <span class=\"searchmatch\">Velký<\/span> <span class=\"searchmatch\">sociologický<\/span> <span class=\"searchmatch\">slovník<\/span>. Praha: Karolinum, 1996. ISBN 80-7184-164-1. S. 292.  <span class=\"searchmatch\">Velký<\/span> <span class=\"searchmatch\">sociologický<\/span> <span class=\"searchmatch\">slovník<\/span>. Praha: Karolinum, 1996","timestamp":"2020-06-06T09:50:05Z"},{"ns":0,"title":"Solidarita","pageid":430509,"size":5924,"wordcount":678,"snippet":" Petrusek, <span class=\"searchmatch\">Velký<\/span> <span class=\"searchmatch\">sociologický<\/span> <span class=\"searchmatch\">slovník<\/span>, str. 1185. Le petit Robert. Paris 1970, heslo Solidarité. M. Petrusek, <span class=\"searchmatch\">Velký<\/span> <span class=\"searchmatch\">sociologický<\/span> <span class=\"searchmatch\">slovník<\/span>, str. 1185.Dostupné","timestamp":"2020-06-24T11:01:53Z"},{"ns":0,"title":"Prevence","pageid":271566,"size":3248,"wordcount":309,"snippet":" <span class=\"searchmatch\">Velký<\/span> <span class=\"searchmatch\">sociologický<\/span> <span class=\"searchmatch\">slovník<\/span> II., str. 842n. Ottův slovník naučný, heslo Praevence. Sv. 20, str. 395 M. Petrusek (red.), <span class=\"searchmatch\">Velký<\/span> <span class=\"searchmatch\">sociologický<\/span> <span class=\"searchmatch\">slovník<\/span> II","timestamp":"2020-03-24T11:22:53Z"},{"ns":0,"title":"Intelektuál","pageid":410865,"size":3566,"wordcount":364,"snippet":"(red.), <span class=\"searchmatch\">Velký<\/span> <span class=\"searchmatch\">sociologický<\/span> <span class=\"searchmatch\">slovník<\/span> I., str. 437. http://www.brainworker.ch/Wissen/intellektuelle.htm M. Petrusek (red.), <span class=\"searchmatch\">Velký<\/span> <span class=\"searchmatch\">sociologický<\/span> <span class=\"searchmatch\">slovník<\/span> I. Praha:","timestamp":"2017-10-05T09:33:16Z"},{"ns":0,"title":"Volný čas","pageid":329502,"size":3027,"wordcount":354,"snippet":"z nutnosti zachování biofyziologického či rodinného systému“ (<span class=\"searchmatch\">Velký<\/span> <span class=\"searchmatch\">sociologický<\/span> <span class=\"searchmatch\">slovník<\/span>, 156). Hodaň, B., Dohnal, T. (2005). Rekreologie. Olomouc: Hanex","timestamp":"2017-10-05T06:47:43Z"},{"ns":0,"title":"Stylizace","pageid":286396,"size":1974,"wordcount":185,"snippet":"emoce PETRUSEK, Miloslav; VODÁKOVÁ, Alena; MAŘÍKOVÁ, Hana et al. <span class=\"searchmatch\">Velký<\/span> <span class=\"searchmatch\">sociologický<\/span> <span class=\"searchmatch\">slovník<\/span>. Díl 2, P–Z. Praha: Karolinum, 1996, s. 1247. LAKOFF, George.","timestamp":"2020-06-08T10:37:51Z"},{"ns":0,"title":"Kolektivismus","pageid":246084,"size":6935,"wordcount":738,"snippet":"1991 Petrusek, <span class=\"searchmatch\">Velký<\/span> <span class=\"searchmatch\">sociologický<\/span> <span class=\"searchmatch\">slovník<\/span>, str. 499. Petrusek, <span class=\"searchmatch\">Velký<\/span> <span class=\"searchmatch\">sociologický<\/span> <span class=\"searchmatch\">slovník<\/span>, str. 500. Petrusek, <span class=\"searchmatch\">Velký<\/span> <span class=\"searchmatch\">sociologický<\/span> <span class=\"searchmatch\">slovník<\/span>, str. 254. [1]","timestamp":"2020-03-01T21:26:55Z"},{"ns":0,"title":"Bydlení","pageid":827520,"size":1267,"wordcount":157,"snippet":"Plocha obydlí na člověka se stále zvětšuje. Petrusek a kol., <span class=\"searchmatch\">Velký<\/span> <span class=\"searchmatch\">sociologický<\/span> <span class=\"searchmatch\">slovník<\/span> I. heslo Bydlení, str. 140. https://techxplore","timestamp":"2020-07-20T09:03:34Z"},{"ns":0,"title":"Práce (ekonomie)","pageid":972420,"size":1807,"wordcount":211,"snippet":"samostatná dobrovolná nebo nucená Miloslav Petrusek a kolektiv: <span class=\"searchmatch\">Velký<\/span> <span class=\"searchmatch\">sociologický<\/span> <span class=\"searchmatch\">slovník<\/span> – II. svazek, Karolinum, Praha 1998, ISBN 80-7184-310-5, str.","timestamp":"2020-06-07T20:55:44Z"},{"ns":0,"title":"Rozvod","pageid":235320,"size":13007,"wordcount":1482,"snippet":"neznamenal právní ukončení manželství. Ten představovala až rozluka. <span class=\"searchmatch\">Velký<\/span> <span class=\"searchmatch\">sociologický<\/span> <span class=\"searchmatch\">slovník<\/span> / 2 P - Ž. Vyd. 1. vyd. Praha: Univ. Karlova, Vyd. Karolinum S","timestamp":"2020-03-04T19:20:38Z"},{"ns":0,"title":"Stereotyp","pageid":379431,"size":8966,"wordcount":1014,"snippet":"Petrusek, <span class=\"searchmatch\">Velký<\/span> <span class=\"searchmatch\">sociologický<\/span> <span class=\"searchmatch\">slovník<\/span>, str. 1230. Dostupné online Online Etymology Dictionary, heslo Stereotype. Petrusek, <span class=\"searchmatch\">Velký<\/span> <span class=\"searchmatch\">sociologický<\/span> <span class=\"searchmatch\">slovník<\/span>, str.","timestamp":"2020-07-01T06:40:32Z"},{"ns":0,"title":"Hostilita","pageid":849064,"size":4942,"wordcount":425,"snippet":"Alena. <span class=\"searchmatch\">Velký<\/span> <span class=\"searchmatch\">sociologický<\/span> <span class=\"searchmatch\">slovník<\/span>: I. svazek. 1. vyd. Praha: Karolinum, 1996. 747 s. S. 226.  PETRUSEK, Miloslav; VODÁKOVÁ, Alena. <span class=\"searchmatch\">Velký<\/span> <span class=\"searchmatch\">sociologický<\/span> slovník:","timestamp":"2019-12-02T17:33:32Z"},{"ns":0,"title":"Kultura","pageid":148810,"size":10015,"wordcount":1124,"snippet":"Petráň: Dějiny hmotné kultury I./II. Praha 1995 M. Petrusek a kol., <span class=\"searchmatch\">Velký<\/span> <span class=\"searchmatch\">sociologický<\/span> <span class=\"searchmatch\">slovník<\/span> I. Heslo Kultura. Praha: Karolinum 1998 Z. Salzmann: Jazyk, kultura","timestamp":"2020-06-07T05:28:33Z"},{"ns":0,"title":"Pravděpodobnostní výběr","pageid":1151249,"size":14915,"wordcount":1173,"snippet":"LINHART, Jiří; PETRUSEK, Miloslav; VODÁKOVÁ, Alena, MAŘÍKOVÁ, Hana. <span class=\"searchmatch\">Velký<\/span> <span class=\"searchmatch\">sociologický<\/span> <span class=\"searchmatch\">slovník<\/span>. Praha: Karolinum, 1996. ISBN 80-7184-310-5. S. 1397.  Laerd Dissertation:","timestamp":"2020-07-05T12:26:22Z"},{"ns":0,"title":"Sociální skupina","pageid":45466,"size":14775,"wordcount":1579,"snippet":"2010. 120 s. ISBN 9788024729572. OCLC 641522551 S. 67 - 68.  <span class=\"searchmatch\">Velký<\/span> <span class=\"searchmatch\">sociologický<\/span> <span class=\"searchmatch\">slovník<\/span> / 2 P - Z.. Vyd. 1. vyd. Praha: Univ. Karlova, Vyd. Karolinum","timestamp":"2019-11-29T00:31:04Z"},{"ns":0,"title":"Občanská práva","pageid":13260,"size":7943,"wordcount":895,"snippet":"edu/entries/civil-rights/ Ottův slovník naučný, heslo Občan. M. Petrusek (red.), <span class=\"searchmatch\">Velký<\/span> <span class=\"searchmatch\">sociologický<\/span> <span class=\"searchmatch\">slovník<\/span> II. Heslo Právo volební, str. 836. Ottův slovník naučný, heslo","timestamp":"2020-06-07T16:18:17Z"},{"ns":0,"title":"Indoktrinace","pageid":487068,"size":3561,"wordcount":378,"snippet":"lidmi přes propagandistické metody v médiích. M. Petrusek (vyd.), <span class=\"searchmatch\">Velký<\/span> <span class=\"searchmatch\">sociologický<\/span> <span class=\"searchmatch\">slovník<\/span> I. Praha:Karolinum 1996. Heslo Indoktrinace, str. 423. V tomto","timestamp":"2020-06-06T19:51:24Z"},{"ns":0,"title":"Respondent","pageid":1247828,"size":7825,"wordcount":877,"snippet":"zkounamou životní situací. PETRUSEK, MAŘÍKOVÁ, VODÁKOVÁ (1996). <span class=\"searchmatch\">Velký<\/span> <span class=\"searchmatch\">sociologický<\/span> <span class=\"searchmatch\">slovník<\/span>. s. 925. GIDDENS (2013). Sociologie. s. 52. URBAN (2011). Sociologie","timestamp":"2020-06-05T15:44:43Z"},{"ns":0,"title":"Tlupa","pageid":1150652,"size":1918,"wordcount":206,"snippet":"(red.), <span class=\"searchmatch\">Velký<\/span> <span class=\"searchmatch\">sociologický<\/span> <span class=\"searchmatch\">slovník<\/span> II., heslo &quot;tlupa&quot;, str. 1323. Ottův slovník naučný, heslo Banda. M. Petrusek (red.), <span class=\"searchmatch\">Velký<\/span> <span class=\"searchmatch\">sociologický<\/span> <span class=\"searchmatch\">slovník<\/span> II.,","timestamp":"2020-05-13T11:50:42Z"},{"ns":0,"title":"Sociogram","pageid":182073,"size":2915,"wordcount":287,"snippet":"rozsáhlejších skupin Petrusek, M., <span class=\"searchmatch\">Velký<\/span> <span class=\"searchmatch\">sociologický<\/span> <span class=\"searchmatch\">slovník<\/span> II., str. 1016n. Petrusek, M., <span class=\"searchmatch\">Velký<\/span> <span class=\"searchmatch\">sociologický<\/span> <span class=\"searchmatch\">slovník<\/span> II., str. 1183n. Petrusek, M., Sociometrie","timestamp":"2017-03-17T06:45:03Z"},{"ns":0,"title":"Absolvent","pageid":267046,"size":1319,"wordcount":112,"snippet":"LINHART, Jiří; PETRUSEK, Miloslav; VODÁKOVÁ, Alena; MAŘÍKOVÁ, Hana. <span class=\"searchmatch\">Velký<\/span> <span class=\"searchmatch\">sociologický<\/span> <span class=\"searchmatch\">slovník<\/span> I. 1. vyd. Praha: Karolinum, 1996. 2 svazky (747 s.). ISBN 80-7184-311-3","timestamp":"2020-04-07T11:33:49Z"},{"ns":0,"title":"Racionalita","pageid":512225,"size":9297,"wordcount":1053,"snippet":"Historisches Wörterbuch der Philosophie, sv. 8, sl. 45-49. Petrusek, <span class=\"searchmatch\">Velký<\/span> <span class=\"searchmatch\">sociologický<\/span> <span class=\"searchmatch\">slovník<\/span>, str. 906.Dostupné online Fialová, H.,Fiala J., Malý ekonomický","timestamp":"2020-06-24T12:31:48Z"},{"ns":0,"title":"Sociální struktura","pageid":47046,"size":8486,"wordcount":817,"snippet":"Portál, 2001. ISBN 80-7178-535-0.  LINHART, Jiří; VODÁKOVÁ, Alena. <span class=\"searchmatch\">Velký<\/span> <span class=\"searchmatch\">sociologický<\/span> <span class=\"searchmatch\">slovník<\/span>. Příprava vydání Pavel Klener. Praha: Karolinum, 1996. ISBN 80-7184-311-3","timestamp":"2020-07-07T08:47:14Z"},{"ns":0,"title":"Chudoba","pageid":58570,"size":26151,"wordcount":2755,"snippet":" <span class=\"searchmatch\">Velký<\/span> <span class=\"searchmatch\">sociologický<\/span> <span class=\"searchmatch\">slovník<\/span>. 1. část. vyd. Praha: Karolinum, 1996. ISBN 80-7184-310-5. S. 153.  LINHART, J; PETRUSEK, M. <span class=\"searchmatch\">Velký<\/span> <span class=\"searchmatch\">sociologický<\/span> <span class=\"searchmatch\">slovník<\/span>. 1","timestamp":"2020-07-02T15:46:06Z"},{"ns":0,"title":"Individualismus","pageid":157761,"size":3802,"wordcount":403,"snippet":"virtues and the creation of prosperity. London 1995 M. Petrusek, <span class=\"searchmatch\">Velký<\/span> <span class=\"searchmatch\">sociologický<\/span> <span class=\"searchmatch\">slovník<\/span> I.. Praha: Karolinum 1998. Heslo Individualismus, str. 421 A.","timestamp":"2020-05-23T21:52:29Z"},{"ns":0,"title":"Agrese","pageid":57328,"size":10605,"wordcount":1250,"snippet":"snáze odradila potenciálního nepřítele či predátora. M. Petrusek, <span class=\"searchmatch\">Velký<\/span> <span class=\"searchmatch\">sociologický<\/span> <span class=\"searchmatch\">slovník<\/span> I., str. 44. Dostupné online Encyklopedický slovník ED, Praha","timestamp":"2020-06-24T10:59:17Z"},{"ns":0,"title":"Klika (sociologie)","pageid":254937,"size":1839,"wordcount":195,"snippet":"M. Petrusek (red.), <span class=\"searchmatch\">Velký<\/span> <span class=\"searchmatch\">sociologický<\/span> <span class=\"searchmatch\">slovník<\/span> I. Praha: Karolinum 1996. Heslo Klika. Petrusek a kol., <span class=\"searchmatch\">Velký<\/span> <span class=\"searchmatch\">sociologický<\/span> <span class=\"searchmatch\">slovník<\/span> I. 489. Mafie Slovníkové","timestamp":"2020-05-26T18:41:11Z"},{"ns":0,"title":"Revoluce","pageid":9839,"size":15706,"wordcount":1589,"snippet":"80-7277-209-0. S. 395. (česky)  LINHART, Jiří; VODÁKOVÁ, Alena. <span class=\"searchmatch\">Velký<\/span> <span class=\"searchmatch\">sociologický<\/span> <span class=\"searchmatch\">slovník<\/span>: II. svazek. P-Ž. Praha: Karolinum, 1996. 934 s. ISBN 80-7184-310-5","timestamp":"2020-01-05T15:41:30Z"},{"ns":0,"title":"Panství (sociologie)","pageid":1340305,"size":14673,"wordcount":1439,"snippet":"403636137  <span class=\"searchmatch\">Velký<\/span> <span class=\"searchmatch\">sociologický<\/span> <span class=\"searchmatch\">slovník<\/span>. Vyd. 1. vyd. Praha: Karolinum 2 volumes s. ISBN 8071843113. OCLC 37945300  <span class=\"searchmatch\">Velký<\/span> <span class=\"searchmatch\">sociologický<\/span> <span class=\"searchmatch\">slovník<\/span>. Vyd. 1. vyd","timestamp":"2020-06-07T18:47:53Z"},{"ns":0,"title":"Realismus a nominalismus","pageid":207311,"size":13295,"wordcount":1505,"snippet":"B 113 aj. Tomáš Akv., Summa contra gentiles III, 26 Petrusek, <span class=\"searchmatch\">Velký<\/span> <span class=\"searchmatch\">sociologický<\/span> <span class=\"searchmatch\">slovník<\/span>. Heslo Realismus, str. 910. KUBÁTOVÁ, Helena; ZNEBEJÁNEK, František","timestamp":"2019-06-14T05:46:35Z"},{"ns":0,"title":"Veřejné mínění","pageid":1153979,"size":13085,"wordcount":1463,"snippet":"specializované agentury, jako např. SC&amp;C, TNS AISA či agentura STEM. <span class=\"searchmatch\">Velký<\/span> <span class=\"searchmatch\">sociologický<\/span> <span class=\"searchmatch\">slovník<\/span>. Praha: Karolinum, 1996. ISBN 80-7184-164-1 REIFOVÁ, I. (2004)","timestamp":"2020-06-05T16:21:55Z"},{"ns":0,"title":"Instituce","pageid":247494,"size":5418,"wordcount":558,"snippet":"J., Úvod do sociologie. Praha: SLON 1995 Petrusek, M. (red.), <span class=\"searchmatch\">Velký<\/span> <span class=\"searchmatch\">sociologický<\/span> <span class=\"searchmatch\">slovník<\/span> I. Praha: Karolinum 1996, heslo Instituce, str. 435 Ritter – Gründer","timestamp":"2020-04-08T08:29:49Z"},{"ns":0,"title":"Homo duplex","pageid":1246577,"size":6144,"wordcount":623,"snippet":"- je “postavena na odřeknutí instinktu”. PETRUSEK, Miloslav. <span class=\"searchmatch\">Velký<\/span> <span class=\"searchmatch\">sociologický<\/span> <span class=\"searchmatch\">slovník<\/span>. Praha: Karolinum, 1997. S. 380.  KELLER, Jan. Dějiny klasické","timestamp":"2020-06-19T21:10:07Z"},{"ns":0,"title":"Teorie komunikace","pageid":1542623,"size":6649,"wordcount":662,"snippet":"Vodáková, <span class=\"searchmatch\">Velký<\/span> <span class=\"searchmatch\">sociologický<\/span> <span class=\"searchmatch\">slovník<\/span>, Praha: Karolinum, 1996, p. 1293. PETRUSEK, Miloslav, MAŘÍKOVÁ, Hana, VODÁKOVÁ, Alena. <span class=\"searchmatch\">Velký<\/span> <span class=\"searchmatch\">sociologický<\/span> <span class=\"searchmatch\">slovník<\/span>. Praha:","timestamp":"2020-06-19T14:40:29Z"},{"ns":0,"title":"Strach","pageid":175545,"size":4387,"wordcount":457,"snippet":"Academia, 2000. ISBN 80-200-0763-6. Kapitola Strach, s. 255-258.  <span class=\"searchmatch\">Velký<\/span> <span class=\"searchmatch\">sociologický<\/span> <span class=\"searchmatch\">slovník<\/span>. Praha: Karolinum, 1996. ISBN 80-7184-311-3. S. 1230.  VONDRÁČEK","timestamp":"2020-06-10T21:49:50Z"},{"ns":0,"title":"Oportunismus","pageid":238665,"size":3430,"wordcount":328,"snippet":"doby, heslo Oportunismus, Sv. 8, str. 764 M. Petrusek (vyd.), <span class=\"searchmatch\">Velký<\/span> <span class=\"searchmatch\">sociologický<\/span> <span class=\"searchmatch\">slovník<\/span> I. Praha: Karolinum 1996. Heslo Oportunismus, str. 720 Petit Robert","timestamp":"2020-07-03T14:58:27Z"},{"ns":0,"title":"Politická sociologie","pageid":1156083,"size":9193,"wordcount":1004,"snippet":"Miloslav. <span class=\"searchmatch\">Velký<\/span> <span class=\"searchmatch\">sociologický<\/span> <span class=\"searchmatch\">slovník<\/span> II. Praha: Karolinum, 1996. ISBN 80-7184-311-3. S. 1118.  LINHART, Jiří; VODÁKOVÁ, Alena; PETRUSEK, Miloslav. <span class=\"searchmatch\">Velký<\/span> sociologický","timestamp":"2020-06-07T20:29:01Z"},{"ns":0,"title":"Emigrace","pageid":55021,"size":22317,"wordcount":2532,"snippet":"nakladatelství (SLON) 204 s. s. ISBN 9788074191022. OCLC 798994050  <span class=\"searchmatch\">Velký<\/span> <span class=\"searchmatch\">sociologický<\/span> <span class=\"searchmatch\">slovník<\/span> / 2 P - Ž. Vyd. 1. vyd. Praha: Univ. Karlova, Vyd. Karolinum S","timestamp":"2020-07-15T19:59:44Z"},{"ns":0,"title":"Proletariát","pageid":242576,"size":5278,"wordcount":572,"snippet":"doby, svazek 9, str. 174 – heslo Proletariát M. Petrusek (vyd.): <span class=\"searchmatch\">Velký<\/span> <span class=\"searchmatch\">sociologický<\/span> <span class=\"searchmatch\">slovník<\/span>, II., str. 863 – heslo Proletariát Internacionála (politika) Komunismus","timestamp":"2019-03-27T23:37:38Z"},{"ns":0,"title":"Anketa","pageid":264061,"size":3080,"wordcount":339,"snippet":"atd.) Interview Průzkum veřejného mínění M. Petrusek (vyd.), <span class=\"searchmatch\">Velký<\/span> <span class=\"searchmatch\">sociologický<\/span> <span class=\"searchmatch\">slovník<\/span>. Praha: Karolinum 1996. Heslo Anketa, str. 76. Slovníkové heslo","timestamp":"2020-01-17T07:09:17Z"},{"ns":0,"title":"Submisivita","pageid":1199130,"size":6417,"wordcount":687,"snippet":"slovník pro zdravotní sestry. Heslo Submisivní, str. 368. Petrusek, <span class=\"searchmatch\">Velký<\/span> <span class=\"searchmatch\">sociologický<\/span> <span class=\"searchmatch\">slovník<\/span> II., heslo Submise, str. 1250. WEINBERG, Martin S.; WILLIAMS,","timestamp":"2019-12-03T11:07:28Z"},{"ns":0,"title":"Charisma","pageid":148987,"size":4813,"wordcount":506,"snippet":"slovník naučný, heslo Charisma. Sv. 12, str. 66 M. Petrusek (vyd.), <span class=\"searchmatch\">Velký<\/span> <span class=\"searchmatch\">sociologický<\/span> <span class=\"searchmatch\">slovník<\/span>. Praha: Karolinum 1996. Heslo &quot;Charisma&quot;. sv. I., str. 400. R","timestamp":"2020-01-22T19:50:07Z"},{"ns":0,"title":"Dyáda","pageid":1247440,"size":6235,"wordcount":671,"snippet":"struktur. LINHART, Jiří, Alena VODÁKOVÁ a Miloslav PETRUSEK a kol. <span class=\"searchmatch\">Velký<\/span> <span class=\"searchmatch\">sociologický<\/span> <span class=\"searchmatch\">slovník<\/span>. Praha: Karolinum, 1996. ISBN 80-7184-311-3. S. 231.  ADLER, Paul","timestamp":"2019-03-08T13:18:04Z"},{"ns":0,"title":"Národnost","pageid":85886,"size":7808,"wordcount":705,"snippet":"Český statistický úřad A.Giddens,Sociologie, Argo, Praha, 1999 <span class=\"searchmatch\">Velký<\/span> <span class=\"searchmatch\">sociologický<\/span> <span class=\"searchmatch\">slovník<\/span>, Univerzita Karlova, Karolinum, Praha, 1996 Národ Nacionalismus","timestamp":"2019-12-04T09:40:13Z"},{"ns":0,"title":"Samovýběr","pageid":1248206,"size":6679,"wordcount":768,"snippet":"MAŘÍKOVÁ, Hana, Miloslav PETRUSEK, Alena VODÁKOVÁ a kolektiv. <span class=\"searchmatch\">Velký<\/span> <span class=\"searchmatch\">sociologický<\/span> <span class=\"searchmatch\">slovník<\/span>. 1. Praha: Karolinum, 1996, s. 965. ISBN 8071843105 Self-selection","timestamp":"2020-06-08T09:45:02Z"},{"ns":0,"title":"Diaspora","pageid":233082,"size":7211,"wordcount":703,"snippet":"Cambridge: Cambridge University Press 688 s. ISBN 9780521540469.  <span class=\"searchmatch\">Velký<\/span> <span class=\"searchmatch\">sociologický<\/span> <span class=\"searchmatch\">slovník<\/span> / 1 A - O.. 1. vyd. Praha: Karolinum 747 s. Dostupné online. ISBN","timestamp":"2020-06-24T11:00:48Z"},{"ns":0,"title":"Byrokracie","pageid":58671,"size":29615,"wordcount":3224,"snippet":"institut, 202. ISBN 80-86389-22-7. S. 205.  PETRUSEK, Miloslav. <span class=\"searchmatch\">Velký<\/span> <span class=\"searchmatch\">sociologický<\/span> <span class=\"searchmatch\">slovník<\/span>. Praha: Sociologický ústav AV ČR, Univerzita Karlova, Karolinum","timestamp":"2020-03-07T15:04:16Z"},{"ns":0,"title":"Sociometrie","pageid":90709,"size":8424,"wordcount":942,"snippet":"263 s.  PETRUSEK, M., LINHART, J., VODÁKOVÁ, A., MAŘÍKOVÁ, H. <span class=\"searchmatch\">Velký<\/span> <span class=\"searchmatch\">sociologický<\/span> <span class=\"searchmatch\">slovník<\/span>. 2.. vyd. Praha: Karolinum, 1996. ISBN 80-7184-310-5. S. 1183","timestamp":"2020-06-08T10:18:37Z"},{"ns":0,"title":"Referenční skupina","pageid":1044479,"size":6226,"wordcount":683,"snippet":"978-80-87029-10-7. S. 124.  PETRUSEK, Miloslav; MAŘÍKOVÁ, Hana. <span class=\"searchmatch\">Velký<\/span> <span class=\"searchmatch\">sociologický<\/span> <span class=\"searchmatch\">slovník<\/span>. 1.. vyd. Praha: Karolinum, 1996. ISBN 80-7184-311-3. S. 994. ","timestamp":"2020-06-07T23:11:47Z"},{"ns":0,"title":"Autorita","pageid":193688,"size":15938,"wordcount":1775,"snippet":"S. 139.  LINHART, Jiří; VODÁKOVÁ, Alena; PETRUSEK, Miloslav. <span class=\"searchmatch\">Velký<\/span> <span class=\"searchmatch\">sociologický<\/span> <span class=\"searchmatch\">slovník<\/span>. Praha: Karolinum, 1996. S. 117.  Ainsi parle le chef. Paris 1983","timestamp":"2020-06-15T16:19:16Z"},{"ns":0,"title":"Neúplná rodina","pageid":1049917,"size":14863,"wordcount":1620,"snippet":"často přechodným způsobem rodinného života. PETRUSEK, Miroslav. <span class=\"searchmatch\">Velký<\/span> <span class=\"searchmatch\">sociologický<\/span> <span class=\"searchmatch\">slovník<\/span>. Praha: Karolinum, 1996. ISBN 8071841641. S. 943.  MOŽNÝ, Ivo","timestamp":"2020-07-06T18:25:42Z"},{"ns":0,"title":"Komunita","pageid":71690,"size":5930,"wordcount":667,"snippet":"Linhart, J., Petrusek, M., Vodáková, A., Maříková, Hana.1996. <span class=\"searchmatch\">Velký<\/span> <span class=\"searchmatch\">sociologický<\/span> <span class=\"searchmatch\">slovník<\/span>. Praha: Karolinum. ISBN 80-7184-310-5. Dostupné online Hartl,","timestamp":"2020-06-24T10:59:56Z"},{"ns":0,"title":"Nepotismus","pageid":31856,"size":4778,"wordcount":492,"snippet":"zločineckých organizací. Protekcionismus Diskriminace Klientelismus <span class=\"searchmatch\">Velký<\/span> <span class=\"searchmatch\">sociologický<\/span> <span class=\"searchmatch\">slovník<\/span>. Praha: Karolinum, 1996. ISBN 80-7184-311-3. S. 682.  https://phys","timestamp":"2017-10-04T09:31:25Z"},{"ns":0,"title":"Základna a nadstavba","pageid":259741,"size":14140,"wordcount":1443,"snippet":"Dostupné online [cit. 2017-11-30]. (anglicky)  PETRUSEK, a kol. <span class=\"searchmatch\">Velký<\/span> <span class=\"searchmatch\">sociologický<\/span> <span class=\"searchmatch\">slovník<\/span> II. 1. vydání. vyd. Praha: Karolinum, 1996. 1629 s. ISBN 80-7184-310-5","timestamp":"2020-06-05T16:36:01Z"},{"ns":0,"title":"Genderová identita","pageid":383844,"size":8699,"wordcount":983,"snippet":"Str. 109. LINHART, Jiří, Alena VODÁKOVÁ a Miloslav PETRUSEK. <span class=\"searchmatch\">Velký<\/span> <span class=\"searchmatch\">sociologický<\/span> <span class=\"searchmatch\">slovník<\/span>. Praha: Karolinum, 1996. ISBN 80-7184-311-3. Str. 339 en.wikipedia","timestamp":"2020-06-06T12:46:03Z"},{"ns":0,"title":"Dezurbanizace","pageid":1452271,"size":7013,"wordcount":749,"snippet":"1177/000271628045100103 MAŘÍKOVÁ, Hana, Miloslav PETRUSEK a Alena VODÁKOVÁ. <span class=\"searchmatch\">Velký<\/span> <span class=\"searchmatch\">sociologický<\/span> <span class=\"searchmatch\">slovník<\/span>: II. svazek, P-Ž. Praha: Karolinum, 1996. ISBN 80-7184-310-5 SOBOTOVÁ","timestamp":"2020-06-06T05:37:51Z"},{"ns":0,"title":"Společenská regulace","pageid":429894,"size":5335,"wordcount":595,"snippet":"regulace cen „přirozených monopolů“ patří do této skupiny. Petrusek, <span class=\"searchmatch\">Velký<\/span> <span class=\"searchmatch\">sociologický<\/span> <span class=\"searchmatch\">slovník<\/span> II., str. 917). M. Žák, Velký ekonomický slovník, str. 656. Snad","timestamp":"2017-10-29T04:37:09Z"},{"ns":0,"title":"Anomie","pageid":131740,"size":11995,"wordcount":1381,"snippet":"Bauer, Wörterbuch zum NT. Berlin 1937, sl. 119n. PETRUSEK A KOL. <span class=\"searchmatch\">Velký<\/span> <span class=\"searchmatch\">sociologický<\/span> <span class=\"searchmatch\">slovník<\/span> I (A-O). Praha: Karolinum, 1996.  GIDDENS, Anthony. Sociologie","timestamp":"2020-06-19T13:33:07Z"},{"ns":0,"title":"Sociální norma","pageid":279678,"size":14672,"wordcount":1361,"snippet":"oblékání. Není zcela běžné, aby muži nosili sukni. PETRUSEK. <span class=\"searchmatch\">Velký<\/span> <span class=\"searchmatch\">sociologický<\/span> <span class=\"searchmatch\">slovník<\/span>. s. 692-694. VÝROST. Sociální psychologie. s. 288-289. VEČEŘA","timestamp":"2020-02-27T20:23:31Z"},{"ns":0,"title":"Sociologie města","pageid":576670,"size":12367,"wordcount":1492,"snippet":"nakladatelství (SLON), 2013. ISBN 978-80-7419-162-6  PETRUSEK. <span class=\"searchmatch\">Velký<\/span> <span class=\"searchmatch\">sociologický<\/span> <span class=\"searchmatch\">slovník<\/span>. Praha: Karolinum, 1996. ISBN 80-7184-164-1.  1. FERENČUHOVÁ,","timestamp":"2020-06-08T14:52:25Z"},{"ns":0,"title":"Subkultura","pageid":232927,"size":22002,"wordcount":2386,"snippet":"Sociologický slovník. Praha: Portál, 2001. S. 243.  PETRUSEK, Miloslav. <span class=\"searchmatch\">Velký<\/span> <span class=\"searchmatch\">sociologický<\/span> <span class=\"searchmatch\">slovník<\/span>, str. 1248. Svazek 2.. Praha: Karolinum, 1996. Dostupné online","timestamp":"2020-06-24T11:07:56Z"},{"ns":0,"title":"Hodnoty","pageid":91854,"size":5817,"wordcount":717,"snippet":"hrozí zneužití svěřených prostředků a moci. M. Petrusek a kol., <span class=\"searchmatch\">Velký<\/span> <span class=\"searchmatch\">sociologický<\/span> <span class=\"searchmatch\">slovník<\/span> II. Praha 1999, str. 376n. V. Hála, Možnosti hodnotové etiky.","timestamp":"2018-06-08T10:21:51Z"},{"ns":0,"title":"Manifestní a latentní funkce","pageid":1048015,"size":6046,"wordcount":628,"snippet":"]: Grada, 2010. ISBN 978-80-247-2457-7.  PETRUSEK, Miloslav. <span class=\"searchmatch\">Velký<\/span> <span class=\"searchmatch\">sociologický<\/span> <span class=\"searchmatch\">slovník<\/span>. I., II.. vyd. Praha: Karolinum, 1996. ISBN 80-7184-310-5.  JANDOUREK","timestamp":"2015-01-05T20:24:15Z"},{"ns":0,"title":"Modernizace","pageid":612390,"size":17007,"wordcount":1718,"snippet":"nakladatelství, 2007. ISBN 978-80-86429-66-3.  WINKLER, Jiří. <span class=\"searchmatch\">Velký<\/span> <span class=\"searchmatch\">sociologický<\/span> <span class=\"searchmatch\">slovník<\/span>. Praha: Karolinum ISBN 80-7184-164-1/ 311-2. S. 644.  KELLER,","timestamp":"2019-10-12T11:56:09Z"},{"ns":0,"title":"Partnerství","pageid":911375,"size":7609,"wordcount":865,"snippet":"a v Norsku, Švédsku, Dánsku a na Islandu. M. Petrusek (red.), <span class=\"searchmatch\">Velký<\/span> <span class=\"searchmatch\">sociologický<\/span> <span class=\"searchmatch\">slovník<\/span>. Heslo Partnerství sociální,. str. 757. An Exploratory Investigation","timestamp":"2019-08-12T06:02:53Z"},{"ns":0,"title":"Důvěra","pageid":403326,"size":21728,"wordcount":2425,"snippet":"Pascala v 16.století, který ji pojímá jako spojení víry a rizika. <span class=\"searchmatch\">Velký<\/span> <span class=\"searchmatch\">sociologický<\/span> <span class=\"searchmatch\">slovník<\/span> vymezuje důvěru jako „typ postoje a zároveň mezilidského vztahu","timestamp":"2020-07-30T09:11:43Z"},{"ns":0,"title":"Kvantitativní výzkum","pageid":7494,"size":5832,"wordcount":702,"snippet":"sociologická znalost. Praha: Karolinum 2011 M. Petrusek (red.), <span class=\"searchmatch\">Velký<\/span> <span class=\"searchmatch\">sociologický<\/span> <span class=\"searchmatch\">slovník<\/span>. Heslo Metody sociologické. Sv. I., str. 622n. Punch, K.F., Úspěšný","timestamp":"2020-05-06T21:59:52Z"},{"ns":0,"title":"Aha efekt","pageid":1148786,"size":9409,"wordcount":891,"snippet":"2015 [cit. 26.11.2015]. Dostupné online.  PETRUSEK, Miroslav. <span class=\"searchmatch\">Velký<\/span> <span class=\"searchmatch\">sociologický<\/span> <span class=\"searchmatch\">slovník<\/span>. 1.. vyd. Praha: Karolinum, 1996. 747 s. ISBN 80-7184-164-1. S","timestamp":"2020-06-08T13:39:15Z"},{"ns":0,"title":"Absurdno","pageid":15421,"size":6681,"wordcount":726,"snippet":"LINHART, Jiří; PETRUSEK, Miloslav; VODÁKOVÁ, Alena; MAŘÍKOVÁ, Hana. <span class=\"searchmatch\">Velký<\/span> <span class=\"searchmatch\">sociologický<\/span> <span class=\"searchmatch\">slovník<\/span> I.. I.. vyd. Praha: Karolinum, 1996. 2 svazky (747 s.). ISBN 80-7184-311-3","timestamp":"2020-06-05T10:22:53Z"},{"ns":0,"title":"Aktér (sociologie)","pageid":831626,"size":8200,"wordcount":888,"snippet":"rámci sociálního systému. VODÁKOVÁ, Alena; PETRUSEK, Miloslav. <span class=\"searchmatch\">Velký<\/span> <span class=\"searchmatch\">sociologický<\/span> <span class=\"searchmatch\">slovník<\/span> / 1 A - O.. Vyd. 1. vyd. Praha: Univ. Karlova, Vyd. Karolinum","timestamp":"2019-10-12T11:22:56Z"},{"ns":0,"title":"Členská skupina","pageid":70287,"size":6663,"wordcount":749,"snippet":"přichází sociální vykořenění, frustrace a stres. PETRUSEK, Miloslav. <span class=\"searchmatch\">Velký<\/span> <span class=\"searchmatch\">sociologický<\/span> <span class=\"searchmatch\">slovník<\/span>. Praha: Karolinum, 1996. ISBN 80-7184-164-1.  NOVOTNÁ, Eliška","timestamp":"2020-06-06T04:10:56Z"},{"ns":0,"title":"Sociální řád","pageid":1155020,"size":8960,"wordcount":1098,"snippet":"uvádí jako prostředek k provedení určitých změn v sociálním řádu. <span class=\"searchmatch\">Velký<\/span> <span class=\"searchmatch\">sociologický<\/span> <span class=\"searchmatch\">slovník<\/span>. Vyd. 1. Praha: Karolinum, 1996, S. 749-1627. ISBN 80-7184-310-5","timestamp":"2020-06-08T10:18:14Z"},{"ns":0,"title":"Strukturální funkcionalismus","pageid":60192,"size":17762,"wordcount":1800,"snippet":"dysfunkce, které představuje pro ženy. PETRUSEK A KOL., Miloslav. <span class=\"searchmatch\">Velký<\/span> <span class=\"searchmatch\">sociologický<\/span> <span class=\"searchmatch\">slovník<\/span>, I., II.. Praha: Karolinum, 1996. S. 328.  MACIONIS, Gerber. Sociology","timestamp":"2019-11-26T12:11:35Z"},{"ns":0,"title":"Vzdělávání dospělých","pageid":1157199,"size":6602,"wordcount":714,"snippet":"Olomouc : Daha, 1997. 159 s. ISBN 80-902232-1-4 PETRUSEK, Miloslav, <span class=\"searchmatch\">Velký<\/span> <span class=\"searchmatch\">sociologický<\/span> <span class=\"searchmatch\">slovník<\/span>, Praha : Karolinum, 1996. 749 s. ISBN 80-7184-310-5 PRŮCHA, J","timestamp":"2020-06-08T12:10:45Z"},{"ns":0,"title":"Svátek (sociologie)","pageid":1247599,"size":11129,"wordcount":1219,"snippet":"PETRUSEK, M. <span class=\"searchmatch\">Velký<\/span> <span class=\"searchmatch\">sociologický<\/span> <span class=\"searchmatch\">slovník<\/span> II.. Praha: Karolinum, 1996. ISBN 80-7184-310-5. S. 1253.  LINHART J.; PETRUSEK M. <span class=\"searchmatch\">Velký<\/span> <span class=\"searchmatch\">sociologický<\/span> <span class=\"searchmatch\">slovník<\/span> II. Praha:","timestamp":"2019-03-24T11:59:32Z"},{"ns":0,"title":"Etnocentrismus","pageid":59030,"size":6617,"wordcount":726,"snippet":"Atlantis, 1999. ISBN 80-7108-138-8. S. 15.  PETRUSEK, Miroslav. <span class=\"searchmatch\">Velký<\/span> <span class=\"searchmatch\">sociologický<\/span> <span class=\"searchmatch\">slovník<\/span>. Praha: Karolinum, 1996. S. 278.  GIDDENS, Anthony. Sociologie","timestamp":"2020-06-06T09:31:54Z"},{"ns":0,"title":"Rodina","pageid":42966,"size":42018,"wordcount":4298,"snippet":"patriarchální), polyandrická, případně neúplná rodina s jedním rodičem. <span class=\"searchmatch\">Velký<\/span> <span class=\"searchmatch\">sociologický<\/span> <span class=\"searchmatch\">slovník<\/span> vymezuje rodinu jako „původní a nejdůležitější společenskou skupinu","timestamp":"2020-08-13T08:56:27Z"},{"ns":0,"title":"Pauperizace","pageid":593432,"size":10647,"wordcount":1233,"snippet":"rodin do této kategorie, ale jde i o nutné výdaje např. za léčbu. <span class=\"searchmatch\">Velký<\/span> <span class=\"searchmatch\">sociologický<\/span> <span class=\"searchmatch\">slovník<\/span> , heslo Pauperizace. MAREŠ, Petr. Sociologie nerovnosti a chudoby","timestamp":"2017-10-05T11:00:50Z"},{"ns":0,"title":"Jednání","pageid":689674,"size":14443,"wordcount":1644,"snippet":"Ministerstva kultury ČR E13559, str. 1 - 11 PETRUSEK, Miloslav. <span class=\"searchmatch\">Velký<\/span> <span class=\"searchmatch\">sociologický<\/span> <span class=\"searchmatch\">slovník<\/span>. 1. vyd. Praha: Karolinum, 1996. ISBN 80-7184-164-1. S. 462. ","timestamp":"2020-06-06T21:34:04Z"},{"ns":0,"title":"Falzifikovatelnost","pageid":8983,"size":18054,"wordcount":2027,"snippet":"Lab, Stanford University Dostupné online.  PETRUSEK, Miloslav. <span class=\"searchmatch\">Velký<\/span> <span class=\"searchmatch\">sociologický<\/span> <span class=\"searchmatch\">slovník<\/span>. Praha: Karolinum, 1996. S. pp. 303–304..  PSTRUŽINA, Karel. Atlas","timestamp":"2020-06-06T10:08:16Z"},{"ns":0,"title":"Sociální kapitál","pageid":43050,"size":13006,"wordcount":1489,"snippet":"tím, jak vznikala data, ze kterých jsou konstruována. Petrusek, <span class=\"searchmatch\">Velký<\/span> <span class=\"searchmatch\">sociologický<\/span> <span class=\"searchmatch\">slovník<\/span> I., str. 475. MOHAN, Giles, STOKKE, Kristian. Participatory development","timestamp":"2020-06-05T15:56:44Z"},{"ns":0,"title":"Občanská společnost","pageid":305432,"size":23754,"wordcount":2779,"snippet":"rozpočtu. LINHART, Jiří; VODÁKOVÁ, Alena; PETRUSEK, Miloslav a kol. <span class=\"searchmatch\">Velký<\/span> <span class=\"searchmatch\">sociologický<\/span> <span class=\"searchmatch\">slovník<\/span>. Praha : Karolinum, 1996. 1627 s. ISBN 80-7184-311-3. s. CABADA","timestamp":"2020-06-07T16:18:22Z"},{"ns":0,"title":"Matoušův efekt","pageid":1154825,"size":6921,"wordcount":768,"snippet":"LINHART, J.; PETRUSEK, M.; VODÁKOVÁ, A., Maříková, H. <span class=\"searchmatch\">Velký<\/span> <span class=\"searchmatch\">sociologický<\/span> <span class=\"searchmatch\">slovník<\/span>. Praha: Karolinum, 1996. ISBN 80-7184-310-5. S. 235.  MUDRÁK,","timestamp":"2020-08-07T18:19:33Z"},{"ns":0,"title":"Ideální typ","pageid":420275,"size":14252,"wordcount":1708,"snippet":"Dahrendorfa. LINHART, Jiří, Alena VODÁKOVÁ a Miloslav PETRUSEK (red.), <span class=\"searchmatch\">Velký<\/span> <span class=\"searchmatch\">sociologický<\/span> <span class=\"searchmatch\">slovník<\/span>: II. svazek P-Z. Vyd. 1. Praha: Karolinum, 1996, s. 1341–1342","timestamp":"2020-06-06T19:37:24Z"},{"ns":0,"title":"Coil system","pageid":1453083,"size":6532,"wordcount":768,"snippet":"podniku nebo jakékoliv jiné organizace. PETRUSEK A KOL., Miloslav. <span class=\"searchmatch\">Velký<\/span> <span class=\"searchmatch\">sociologický<\/span> <span class=\"searchmatch\">slovník<\/span>. Praha: Univerzita Karlova vydavatelství Karolinum, 1996. 1627 s","timestamp":"2019-11-28T18:26:56Z"},{"ns":0,"title":"Protestantská etika a duch kapitalismu","pageid":279001,"size":13034,"wordcount":1304,"snippet":"org [cit. 2016-05-24]. Dostupné online.  PETRUSEK, Miloslav. <span class=\"searchmatch\">Velký<\/span> <span class=\"searchmatch\">sociologický<\/span> <span class=\"searchmatch\">slovník<\/span> 1. svazek. Praha: Karolinum, vydavatelství UK, 1996. ISBN 80-7184-164-1","timestamp":"2020-06-07T21:39:56Z"},{"ns":0,"title":"Urbanizace","pageid":81601,"size":13734,"wordcount":1390,"snippet":"9789211515176. OCLC 891195767  LINHART, PETRUSEK, VODÁKOVÁ, MAŘÍKOVÁ. <span class=\"searchmatch\">Velký<\/span> <span class=\"searchmatch\">sociologický<\/span> <span class=\"searchmatch\">slovník<\/span>. Praha: Karolínum, 1996.  1937-, Kašparovský, Karel,. Zeměpis","timestamp":"2019-10-12T17:09:19Z"},{"ns":0,"title":"Dotazníkové šetření","pageid":1001720,"size":11901,"wordcount":1346,"snippet":"jsou výsledky výzkumu často založeny jen na ½ původního vzorku.  <span class=\"searchmatch\">Velký<\/span> <span class=\"searchmatch\">sociologický<\/span> <span class=\"searchmatch\">slovník<\/span>. 1.. vyd. Praha: Karolinum, 1996. ISBN 80-7184164-1. S. 222-223","timestamp":"2020-06-06T20:08:58Z"},{"ns":0,"title":"Demagogie","pageid":81349,"size":6875,"wordcount":816,"snippet":"Populismus Logický klam Propaganda Rétorika M. Petrusek (vyd.), <span class=\"searchmatch\">Velký<\/span> <span class=\"searchmatch\">sociologický<\/span> <span class=\"searchmatch\">slovník<\/span>, heslo Demagogie. I. 180. American Demagogues - Reinhard Luthin","timestamp":"2020-03-10T20:36:05Z"},{"ns":0,"title":"Deviace (sociologie)","pageid":391956,"size":22166,"wordcount":2379,"snippet":"geografie. Historická geografie. 2014, roč. 40, čís. 1.  M. Petrusek, <span class=\"searchmatch\">Velký<\/span> <span class=\"searchmatch\">sociologický<\/span> <span class=\"searchmatch\">slovník<\/span>, str. 1185. Hrčka, M. Sociální deviace. Praha: Sociologické nakladatelství","timestamp":"2020-06-06T05:35:31Z"},{"ns":0,"title":"Paul Felix Lazarsfeld","pageid":821600,"size":22100,"wordcount":2048,"snippet":"chronologickém pořadí jeho nejvýznamnější publikace, jak je uvádí <span class=\"searchmatch\">Velký<\/span> <span class=\"searchmatch\">sociologický<\/span> <span class=\"searchmatch\">slovník<\/span> Miloslava Petruska. Radio and the Printed Page, 1940 Radio Research","timestamp":"2020-06-22T21:27:28Z"},{"ns":0,"title":"Etnometodologie","pageid":146847,"size":8559,"wordcount":935,"snippet":"Studies in ethnomethodology. Cambridge 2002 M. Petrusek (vyd.), <span class=\"searchmatch\">Velký<\/span> <span class=\"searchmatch\">sociologický<\/span> <span class=\"searchmatch\">slovník<\/span>, heslo „Etnometodologie“ (I. 283n) Etnologie Abstrakt Garfinkelova","timestamp":"2019-03-08T14:47:35Z"},{"ns":0,"title":"Utopie","pageid":60174,"size":44027,"wordcount":4467,"snippet":"spisy. Praha: Státní nakladatelství politické literatury, 1960 <span class=\"searchmatch\">Velký<\/span> <span class=\"searchmatch\">sociologický<\/span> <span class=\"searchmatch\">slovník<\/span>, heslo Utopie (II. 1362) Étienne-Gabriel Morelly, komunitárny","timestamp":"2020-08-17T20:11:29Z"},{"ns":0,"title":"Moderní společnost","pageid":1154750,"size":19024,"wordcount":2144,"snippet":"znehodnocuje hodnoty, které nelze vyjádřit penězi). PETRUSEK, Miloslav. <span class=\"searchmatch\">Velký<\/span> <span class=\"searchmatch\">sociologický<\/span> <span class=\"searchmatch\">slovník<\/span>. Praha: Karolinum, 1996. 1627 s. ISBN 80-7184-164-1. S. 111-117","timestamp":"2020-06-07T13:43:50Z"},{"ns":0,"title":"Sociální role","pageid":132447,"size":9357,"wordcount":1138,"snippet":"80-901059-7-1 LINHART, J., PETRUSEK, M., VODÁKOVÁ, A., MAŘÍKOVÁ, H. <span class=\"searchmatch\">Velký<\/span> <span class=\"searchmatch\">sociologický<\/span> <span class=\"searchmatch\">slovník<\/span>. Karolinum 1996, 1. vydání, 747 str. ISBN 80-7184-164-1 Teorie","timestamp":"2020-06-08T10:18:13Z"},{"ns":0,"title":"Veřejný zájem","pageid":281914,"size":7404,"wordcount":797,"snippet":"sociální spravedlnost udržitelný rozvoj veřejné zdraví obyvatelstva <span class=\"searchmatch\">Velký<\/span> <span class=\"searchmatch\">sociologický<\/span> <span class=\"searchmatch\">slovník<\/span> / 2 P - Ž. Vyd. 1. vyd. Praha: Univ. Karlova, Vyd. Karolinum S","timestamp":"2019-12-19T03:34:30Z"},{"ns":0,"title":"Koloběh elit","pageid":1245817,"size":13042,"wordcount":1487,"snippet":"<span class=\"searchmatch\">Velký<\/span> <span class=\"searchmatch\">sociologický<\/span> <span class=\"searchmatch\">slovník<\/span>. Praha: Karolinum, 1996. 1 sv. 747 s. ISBN 80-7184-164-1.  PETRUSEK, Miloslav; VODÁKOVÁ, Alena. <span class=\"searchmatch\">Velký<\/span> <span class=\"searchmatch\">sociologický<\/span> <span class=\"searchmatch\">slovník<\/span>","timestamp":"2018-01-17T16:10:09Z"},{"ns":0,"title":"Globální město","pageid":1049896,"size":3557,"wordcount":399,"snippet":"world affairs 9 (2) zima/jaro 2005, 27–40. Petrusek a kol. 1996. <span class=\"searchmatch\">Velký<\/span> <span class=\"searchmatch\">sociologický<\/span> <span class=\"searchmatch\">slovník<\/span>, I, II, Karolinum What makes a city 'global'? Xander Byng: Is","timestamp":"2020-04-14T20:25:27Z"},{"ns":0,"title":"Mír","pageid":23988,"size":15303,"wordcount":1653,"snippet":"Praha 1999; I. Kant, Metaphysik der Sitten. M. Petrusek (red.), <span class=\"searchmatch\">Velký<\/span> <span class=\"searchmatch\">sociologický<\/span> <span class=\"searchmatch\">slovník<\/span>, heslo Teorie míru. Sv. II., str. 1296nn. https://archive.is/20120529015722/www","timestamp":"2020-06-07T13:13:09Z"},{"ns":0,"title":"Dělba práce","pageid":257202,"size":11874,"wordcount":1298,"snippet":"Durkheim, Společenská dělba práce. Brno: CDK 2004 M. Petrusek, <span class=\"searchmatch\">Velký<\/span> <span class=\"searchmatch\">sociologický<\/span> <span class=\"searchmatch\">slovník<\/span> I., Praha: Karolinum 1996, heslo „dělba práce“. J.-P. Séris, Qu´est","timestamp":"2019-09-09T13:08:25Z"},{"ns":0,"title":"Pozitivismus","pageid":8338,"size":16392,"wordcount":1922,"snippet":"Francii: Comte&quot; a „Anglický pozitivismus&quot; jsou na str. 356–370.] <span class=\"searchmatch\">Velký<\/span> <span class=\"searchmatch\">sociologický<\/span> <span class=\"searchmatch\">slovník<\/span>, hesla Naturalismus pozitivistický, Sociologie pozitivistická","timestamp":"2020-06-07T20:54:34Z"},{"ns":0,"title":"Sekularizace","pageid":238837,"size":17653,"wordcount":1978,"snippet":"37 (2):249-53. (1998) Alena Vodáková, Miloslav Petrusek (red.: <span class=\"searchmatch\">Velký<\/span> <span class=\"searchmatch\">sociologický<\/span> <span class=\"searchmatch\">slovník<\/span>, Karolinum 1996, str. 977. Nešpor-Lužný (2007). Sociologie náboženství","timestamp":"2020-02-01T20:59:32Z"},{"ns":0,"title":"Chicagská škola (sociologie)","pageid":96804,"size":8042,"wordcount":844,"snippet":"PRaha: ISS FSV UK, 1993. Kapitola 2, s. 33.  Petrusek a ol. 1996. <span class=\"searchmatch\">Velký<\/span> <span class=\"searchmatch\">sociologický<\/span> <span class=\"searchmatch\">slovník<\/span>, I, II,Karolinum Jeřábek, H., J. Remr(eds.)(1993)Klasické sociologické","timestamp":"2020-06-24T10:46:18Z"},{"ns":0,"title":"Základní atribuční chyba","pageid":251033,"size":3338,"wordcount":335,"snippet":"Portál, 2001. 286 s. ISBN 80-7178-535-0. Univerzita Karlova. <span class=\"searchmatch\">Velký<\/span> <span class=\"searchmatch\">sociologický<\/span> <span class=\"searchmatch\">slovník<\/span>. I, A-O. 1. vyd. Praha : Karolinum, 1996. 747 s. ISBN 80-7184-164-1","timestamp":"2020-06-08T12:24:31Z"},{"ns":0,"title":"Diskurz","pageid":260877,"size":13710,"wordcount":1476,"snippet":"mediální komunikace. [s.l.]: Portál ISBN 8071789267. OCLC 60653763  <span class=\"searchmatch\">Velký<\/span> <span class=\"searchmatch\">sociologický<\/span> <span class=\"searchmatch\">slovník<\/span> / 1 A - O.. Vyd. 1. vyd. Praha: Univ. Karlova, Vyd. Karolinum","timestamp":"2020-06-06T12:19:43Z"},{"ns":0,"title":"Miloslav Petrusek","pageid":189709,"size":7146,"wordcount":638,"snippet":"1994. Sociologie, literatura a politika. Karolinum, Praha 1996. <span class=\"searchmatch\">Velký<\/span> <span class=\"searchmatch\">sociologický<\/span> <span class=\"searchmatch\">slovník<\/span>. Karolinum, Praha 1996. Společnosti pozdní doby. SLON, Praha 2006","timestamp":"2020-07-21T18:34:29Z"},{"ns":0,"title":"Normativní etika","pageid":1048380,"size":10098,"wordcount":1226,"snippet":"H. Mařáková, M. Petrusek a A. Vodáková, „Normativní etika,“ v <span class=\"searchmatch\">Velký<\/span> <span class=\"searchmatch\">sociologický<\/span> <span class=\"searchmatch\">slovník<\/span>, Praha, Karolinum, 1996, pp. 213–214. N. Athanassoulis. Virtue","timestamp":"2020-06-07T16:02:46Z"},{"ns":0,"title":"Retreatismus","pageid":590633,"size":3207,"wordcount":325,"snippet":"postava tuláka v romantismu). Winkler, Jiří - Petrusek, Miloslav: <span class=\"searchmatch\">Velký<\/span> <span class=\"searchmatch\">sociologický<\/span> <span class=\"searchmatch\">slovník<\/span>. Praha : Karolinum Praha, 1997. 598 s. Academia. ISBN 80-7184-164-1","timestamp":"2020-06-07T23:22:57Z"},{"ns":0,"title":"Intersexuál","pageid":1157604,"size":10333,"wordcount":1267,"snippet":"https://unfe.org/system/unfe-65-Intersex_Factsheet_ENGLISH.pdf <span class=\"searchmatch\">Velký<\/span> <span class=\"searchmatch\">sociologický<\/span> <span class=\"searchmatch\">slovník<\/span>. 1. Praha: Karolinum, 1997. ISBN 8071843113. Intersexualita. Velký","timestamp":"2020-08-21T14:12:04Z"},{"ns":0,"title":"Anthony Giddens","pageid":334767,"size":11605,"wordcount":1145,"snippet":"Anthony. Sociologie. Praha: Argo, 1999. ISBN 9788072031245.  <span class=\"searchmatch\">Velký<\/span> <span class=\"searchmatch\">sociologický<\/span> <span class=\"searchmatch\">slovník<\/span>. Praha: Karolinum, 1996. ISBN 8071841641.  Václav Klaus: Třetí","timestamp":"2020-06-11T14:54:51Z"},{"ns":0,"title":"Případová studie","pageid":975561,"size":8510,"wordcount":889,"snippet":"243 s. ISBN 80-7184-549-3.  VODÁKOVÁ, Alena; PETRUSEK, Miloslav. <span class=\"searchmatch\">Velký<\/span> <span class=\"searchmatch\">sociologický<\/span> <span class=\"searchmatch\">slovník<\/span>. Praha: Karolinum, 1996. ISBN 80-7184-310-5.  HENDL, Jan. Kvalitativní","timestamp":"2019-03-08T10:43:23Z"},{"ns":0,"title":"Gemeinschaft a Gesellschaft","pageid":1154626,"size":4661,"wordcount":514,"snippet":"stratifikace (vlastnické, výdělečné a sociální třídy). PETRUSEK,M. 1996. <span class=\"searchmatch\">Velký<\/span> <span class=\"searchmatch\">sociologický<\/span> <span class=\"searchmatch\">slovník<\/span>. Praha: Karolinum. ISBN 80-7184-310-5. Str. 338n. GIDDENS, A.","timestamp":"2020-06-06T12:45:23Z"},{"ns":0,"title":"Reflexivita (sociologie)","pageid":880367,"size":5450,"wordcount":597,"snippet":"net/archiv/nms/02_03/inFrames/archiv/ref_heinrich.htm PETRUSEK, Miloslav a kol. <span class=\"searchmatch\">Velký<\/span> <span class=\"searchmatch\">sociologický<\/span> <span class=\"searchmatch\">slovník<\/span> II. 1. vyd. Praha: Karolinum, 1996. s. 913. ISBN 80-7184-310-5","timestamp":"2020-06-24T11:12:39Z"},{"ns":0,"title":"Apropriace","pageid":534239,"size":2349,"wordcount":240,"snippet":"naučný, heslo Appropriace. Sv. 2, str. 546 M. Petrusek (red.), <span class=\"searchmatch\">Velký<\/span> <span class=\"searchmatch\">sociologický<\/span> <span class=\"searchmatch\">slovník<\/span>. Praha 1996. Heslo Vlastnictví, II. 1388 &quot;Apropriace.&quot; Výkladový","timestamp":"2019-06-15T14:19:50Z"},{"ns":0,"title":"Tazatel","pageid":1249591,"size":5651,"wordcount":546,"snippet":"školení nebo úspěšné provedení testovací práce. PETRUSEK, Miloslav. <span class=\"searchmatch\">Velký<\/span> <span class=\"searchmatch\">sociologický<\/span> <span class=\"searchmatch\">slovník<\/span>. 1. vyd. Praha: Karolinum, 1996.  RENÁTA, Sedláková. Výzkum médií:","timestamp":"2016-12-30T06:14:48Z"},{"ns":0,"title":"Konsenzus","pageid":85591,"size":13492,"wordcount":1487,"snippet":"slovník cizích slov, Academia, Praha, 2005 MAŘÍKOVÁ, Hana a kol. <span class=\"searchmatch\">Velký<\/span> <span class=\"searchmatch\">sociologický<\/span> <span class=\"searchmatch\">slovník<\/span>: Konsensus. Praha: Karolinum, 1996. 747 s. ISBN 80-7184-164-1","timestamp":"2019-06-30T15:14:11Z"},{"ns":0,"title":"Smrt","pageid":31742,"size":39885,"wordcount":4341,"snippet":"Praha: NIDM, 2008. Dostupné v archivu pořízeném dne 2013-01-14.  <span class=\"searchmatch\">Velký<\/span> <span class=\"searchmatch\">sociologický<\/span> <span class=\"searchmatch\">slovník<\/span>. Praha: Karolinum, 1996. ISBN 80-7184-311-3. S. 1001.  JANDOUREK","timestamp":"2020-06-08T10:16:59Z"},{"ns":0,"title":"Brainstorming","pageid":172024,"size":11523,"wordcount":1122,"snippet":"Gruppen. Marburg: Tectum, 2007. ISBN 3-8288-9332-5.  KOL. AUTORŮ. <span class=\"searchmatch\">Velký<\/span> <span class=\"searchmatch\">sociologický<\/span> <span class=\"searchmatch\">slovník<\/span>. [s.l.]: SLON, 1998.  Obrázky, zvuky či videa k tématu brainstorming","timestamp":"2020-06-08T16:08:22Z"},{"ns":0,"title":"Reprezentativita","pageid":1249005,"size":6282,"wordcount":661,"snippet":"Linhart, J., Petrusek, M., Vodáková, A., Maříková, Hana.1996. <span class=\"searchmatch\">Velký<\/span> <span class=\"searchmatch\">sociologický<\/span> <span class=\"searchmatch\">slovník<\/span>. Praha: Karolinum. ISBN 80-7184-310-5. Moser, C. A. 1966. Survey","timestamp":"2020-06-05T15:44:23Z"},{"ns":0,"title":"Gustave Le Bon","pageid":161075,"size":7669,"wordcount":783,"snippet":"KELLER, Jan. Dějiny klasické sociologie. [s.l.]: [s.n.] S. 465.  <span class=\"searchmatch\">Velký<\/span> <span class=\"searchmatch\">sociologický<\/span> <span class=\"searchmatch\">slovník<\/span>. [s.l.]: [s.n.] S. 167.  KELLER, Jan. Dějiny klasické sociologie","timestamp":"2020-06-07T06:49:07Z"},{"ns":0,"title":"Ferdinand Tönnies","pageid":56378,"size":8122,"wordcount":801,"snippet":"2020-06-24]. Dostupné online.  Maříková H., Petrusek, M., Vodáková, A., <span class=\"searchmatch\">Velký<\/span> <span class=\"searchmatch\">sociologický<\/span> <span class=\"searchmatch\">slovník<\/span>, Praha: Karolinum, 1996, 338–339 s., ISBN 80-7184-164-1 Mucha","timestamp":"2020-06-24T09:58:55Z"},{"ns":0,"title":"Důsledky modernity","pageid":1343544,"size":14221,"wordcount":1306,"snippet":"projekt, z pohledu globálních rizik jsou do ní zapojeni všichni. <span class=\"searchmatch\">Velký<\/span> <span class=\"searchmatch\">sociologický<\/span> <span class=\"searchmatch\">slovník<\/span> / 1 A - O.. Vyd. 1. vyd. Praha: Univ. Karlova, Vyd. Karolinum","timestamp":"2020-04-14T13:15:49Z"},{"ns":0,"title":"Metodologický individualismus","pageid":1050378,"size":6485,"wordcount":698,"snippet":"politika, str. 145. Zdůraznění je autorovo. PETRUSEK, Miloslav. <span class=\"searchmatch\">Velký<\/span> <span class=\"searchmatch\">sociologický<\/span> <span class=\"searchmatch\">slovník<\/span> I., Heslo Individualismus metodologický. Praha: Karolinum, 1998","timestamp":"2019-06-23T01:14:11Z"},{"ns":0,"title":"Sociologie vědy","pageid":1153361,"size":9499,"wordcount":1034,"snippet":"jsou např. etika vědy a controversy studies. PETRUSEK, Miloslav. <span class=\"searchmatch\">Velký<\/span> <span class=\"searchmatch\">sociologický<\/span> <span class=\"searchmatch\">slovník<\/span>. Praha: Karolinum, 1996. ISBN 80-7184-310-5.  PETRUSEK, Miloslav","timestamp":"2020-06-08T16:57:08Z"},{"ns":0,"title":"Anarchie","pageid":52136,"size":21602,"wordcount":2461,"snippet":" Praha: SLON, Sociologické Nakl., 2005. Petrusek, M. (red.), <span class=\"searchmatch\">Velký<\/span> <span class=\"searchmatch\">sociologický<\/span> <span class=\"searchmatch\">slovník<\/span>. Praha: Karolinum 1998. Hesla Anarchismus, Anarchokomunismus Tomek","timestamp":"2020-06-05T12:29:39Z"},{"ns":0,"title":"Dysfunkce (Merton)","pageid":1246670,"size":5933,"wordcount":734,"snippet":"80-85605-28-7 Maříková, Hana; Petrusek, Miroslav; Vodáková, Anna – <span class=\"searchmatch\">Velký<\/span> <span class=\"searchmatch\">sociologický<\/span> <span class=\"searchmatch\">slovník<\/span> (1. vydání) Praha: Karolinum 1996, 747 str. ISBN 80-7184-164-1","timestamp":"2020-06-06T08:10:20Z"},{"ns":0,"title":"Sociologie kultury","pageid":1343640,"size":12488,"wordcount":1519,"snippet":"neuvědomuje si žádné estetické provinění. PETRUSEK, M. a kol., <span class=\"searchmatch\">Velký<\/span> <span class=\"searchmatch\">sociologický<\/span> <span class=\"searchmatch\">slovník<\/span> II. Heslo Sociologie kultury. Praha: Karolinum, 1998. 1627 s. ","timestamp":"2020-06-05T14:14:06Z"},{"ns":0,"title":"Stratifikace národnostního rozložení Číny","pageid":1591413,"size":14431,"wordcount":1483,"snippet":"Affirmative action in China na anglické Wikipedii. LINHART, Jiří. <span class=\"searchmatch\">Velký<\/span> <span class=\"searchmatch\">sociologický<\/span> <span class=\"searchmatch\">slovník<\/span>. [s.l.]: [s.n.] ISBN 80-7184-311-3.  HORÁLEK, Adam. Populačně","timestamp":"2020-06-05T16:00:14Z"},{"ns":0,"title":"Operacionalizace","pageid":393128,"size":7081,"wordcount":703,"snippet":"  MAŘÍKOVÁ, Hana; PETRUSEK, Miloslav; VODÁKOVÁ, Alena, a kol. <span class=\"searchmatch\">Velký<\/span> <span class=\"searchmatch\">sociologický<\/span> <span class=\"searchmatch\">slovník<\/span>. Praha: Karolinum, 1996. ISBN 80-7184-164-1. S. 717 - 719.  PETRUSEK","timestamp":"2017-10-05T09:23:18Z"},{"ns":0,"title":"Facebooková skupina","pageid":1154575,"size":18538,"wordcount":1976,"snippet":"978-80-246-2843-1. <span class=\"searchmatch\">Velký<\/span> <span class=\"searchmatch\">sociologický<\/span> <span class=\"searchmatch\">slovník<\/span>. Vyd. 1. Praha : Karolinum, 1996, 747 s. ISBN 80-7184-164-1. <span class=\"searchmatch\">Velký<\/span> <span class=\"searchmatch\">sociologický<\/span> <span class=\"searchmatch\">slovník<\/span>. Vyd. 1. Praha : Karolinum","timestamp":"2020-06-06T10:00:45Z"},{"ns":0,"title":"Normalita","pageid":79553,"size":5988,"wordcount":613,"snippet":"podle projevů, jednání člověka v dané situaci PETRUSEK, Miloslav. <span class=\"searchmatch\">Velký<\/span> <span class=\"searchmatch\">sociologický<\/span> <span class=\"searchmatch\">slovník<\/span>. [s.l.]: Karolinum, 1996. Dostupné online.  BENEDICT, Ruth. Patterns","timestamp":"2020-06-24T11:08:59Z"},{"ns":0,"title":"Sociální kontrola","pageid":683011,"size":12850,"wordcount":1465,"snippet":"978-80-86761-81-7 Linhart J., Petrusek, M., Vodáková, A., Maříková, H. <span class=\"searchmatch\">Velký<\/span> <span class=\"searchmatch\">sociologický<\/span> <span class=\"searchmatch\">slovník<\/span>. Praha: Karolinum, 1996. ISBN 80-7184-310-5 MUNKOVÁ, Gabriela","timestamp":"2020-06-08T10:18:08Z"},{"ns":0,"title":"Dav","pageid":150649,"size":16539,"wordcount":1901,"snippet":"schopností, která překoná všechny překážky. M. Petrusek (red.), <span class=\"searchmatch\">Velký<\/span> <span class=\"searchmatch\">sociologický<\/span> <span class=\"searchmatch\">slovník<\/span>. Praha: Karolinum, 1998. 80-718-4164-1.Dostupné online Podle GEIST","timestamp":"2020-06-24T11:09:39Z"},{"ns":0,"title":"Tvořivost","pageid":296549,"size":33566,"wordcount":3759,"snippet":"Grada, 2006 - 125 s. ; 21 cm ISBN 80-247-1626-7 M. Petrusek, <span class=\"searchmatch\">Velký<\/span> <span class=\"searchmatch\">sociologický<\/span> <span class=\"searchmatch\">slovník<\/span>. Praha: Karolinum 1998. Heslo Kreativita, str. 538. M. Wertheimer","timestamp":"2020-06-08T11:27:08Z"},{"ns":0,"title":"Metodologický anarchismus","pageid":1043810,"size":5240,"wordcount":588,"snippet":"Linhart, J., Petrusek, M., Vodáková, A., Maříková, Hana. 1996. <span class=\"searchmatch\">Velký<\/span> <span class=\"searchmatch\">sociologický<\/span> <span class=\"searchmatch\">slovník<\/span>. Praha: Karolinum. ISBN 80-7184-310-5, heslo anarchismus metodologický","timestamp":"2020-06-07T12:27:35Z"},{"ns":0,"title":"Robert Ezra Park","pageid":871587,"size":10999,"wordcount":1209,"snippet":"Press, 1967. S. 50–53. (anglicky)  PETRUSEK, Miloslav, a kol. <span class=\"searchmatch\">Velký<\/span> <span class=\"searchmatch\">sociologický<\/span> <span class=\"searchmatch\">slovník<\/span>. 1. vyd. Praha: Karolinum, 1996. 2 svazky. ISBN 80-7184-310-5","timestamp":"2020-06-07T18:53:24Z"},{"ns":0,"title":"Sociologická imaginace","pageid":1154649,"size":7081,"wordcount":843,"snippet":"LINHART, Jiří, PETRUSEK, Miroslav, VODÁKOVÁ, Anna, MAŘÍKOVÁ, Hana.<span class=\"searchmatch\">Velký<\/span> <span class=\"searchmatch\">sociologický<\/span> <span class=\"searchmatch\">slovník<\/span>. Vyd. 1. Praha: Karolinum, 1996, 747 s. ISBN 80-7184-164-1. Charles","timestamp":"2020-08-24T13:53:28Z"},{"ns":0,"title":"Opera Nazionale Dopolavoro","pageid":1452290,"size":5050,"wordcount":594,"snippet":"Linhart, J., Petrusek, M., Vodáková, A., Maříková, Hana. 1996. <span class=\"searchmatch\">Velký<\/span> <span class=\"searchmatch\">sociologický<\/span> <span class=\"searchmatch\">slovník<\/span>. Praha: Karolinum. ISBN 80-7184-310-5. Kallis, Aristotle, ed.","timestamp":"2020-06-19T14:55:24Z"},{"ns":0,"title":"Teorie hájitelného prostoru","pageid":1146884,"size":6873,"wordcount":693,"snippet":"Creating Defensible Space). PETRUSEK, Miloslav; VODÁKOVÁ, Alena. <span class=\"searchmatch\">Velký<\/span> <span class=\"searchmatch\">sociologický<\/span> <span class=\"searchmatch\">slovník<\/span>. Svazek II. Praha: Karolinum, 1996. S. 409.  ZAPLETAL, Josef;","timestamp":"2017-03-27T20:29:05Z"},{"ns":0,"title":"Průměrný člověk","pageid":1043289,"size":9521,"wordcount":1143,"snippet":"Criminalis', SUNY Press 1993, ISBN 978-0-7914-1275-6 PETRUSEK a kol. <span class=\"searchmatch\">Velký<\/span> <span class=\"searchmatch\">sociologický<\/span> <span class=\"searchmatch\">slovník<\/span>, Karolinum 1996 EKNOYAN, Garabed, Adolphe Quetelet (1796–1874)—the","timestamp":"2020-06-07T21:45:47Z"},{"ns":0,"title":"Sociologický ústav Akademie věd České republiky","pageid":1247802,"size":26177,"wordcount":2329,"snippet":"něj do čela ústavu nastupuje Michal Illner. V roce 1996 vychází <span class=\"searchmatch\">Velký<\/span> <span class=\"searchmatch\">sociologický<\/span> <span class=\"searchmatch\">slovník<\/span> a Česká společnost v transformaci a následně v roce 1997 Zpráva","timestamp":"2020-08-05T07:36:41Z"},{"ns":0,"title":"Klepy","pageid":1007658,"size":6541,"wordcount":712,"snippet":"ze sociologického nebo psychologického hlediska. M. Petrusek, <span class=\"searchmatch\">Velký<\/span> <span class=\"searchmatch\">sociologický<\/span> <span class=\"searchmatch\">slovník<\/span> I., str. 487n., heslo Klepy The Science Behind Why People Gossip—And","timestamp":"2020-04-20T11:30:07Z"},{"ns":0,"title":"Pospolitost","pageid":889147,"size":3902,"wordcount":469,"snippet":"druhého jen jako nástroj k dosažení cílů. M. Petrusek (red.), <span class=\"searchmatch\">Velký<\/span> <span class=\"searchmatch\">sociologický<\/span> <span class=\"searchmatch\">slovník<\/span>. Praha: Karolinum 1998. Heslo Gemeinschaft a Gesellschaft, str","timestamp":"2019-12-03T10:42:48Z"},{"ns":0,"title":"Stárnutí populace","pageid":975145,"size":9057,"wordcount":995,"snippet":"výdajů bude nutné např. ve zdravotní péči a v jiných oblastech. <span class=\"searchmatch\">Velký<\/span> <span class=\"searchmatch\">sociologický<\/span> <span class=\"searchmatch\">slovník<\/span>. Praha: Karolinum. [Online]. GÖPFERTOVÁ, Dana, Jan ŠEJDA a Zdeněk","timestamp":"2020-03-21T11:08:41Z"},{"ns":0,"title":"Zdravý rozum","pageid":689932,"size":12781,"wordcount":1506,"snippet":"PETRUSEK, Miloslav; MAŘÍKOVÁ, Hana; VODÁKOVÁ, Alena (za kolektiv). <span class=\"searchmatch\">Velký<\/span> <span class=\"searchmatch\">sociologický<\/span> <span class=\"searchmatch\">slovník<\/span>. 1. vyd. Praha : Karolinum, 1996. I. svazků (379 s.) ISBN 80-7184-164-1","timestamp":"2020-07-31T07:29:09Z"},{"ns":0,"title":"Sociální fakt","pageid":1049974,"size":12309,"wordcount":1411,"snippet":"ÚV KSČ, 1969 MAŘÍKOVÁ, H., PETRUSEK, M., VODÁKOVÁ A., a kol.: <span class=\"searchmatch\">Velký<\/span> <span class=\"searchmatch\">sociologický<\/span> <span class=\"searchmatch\">slovník<\/span>. I. svazek A-O. Vyd. 1. Praha: Karolinum, 1996. Strana 303 GIDDENS","timestamp":"2020-06-08T10:18:04Z"},{"ns":0,"title":"Pole (sociologie)","pageid":1343522,"size":6878,"wordcount":833,"snippet":"Pravidla umění,“ Antropowebzin, č. 7, p. 29, 2011. M. Petrusek, <span class=\"searchmatch\">Velký<\/span> <span class=\"searchmatch\">sociologický<\/span> <span class=\"searchmatch\">slovník<\/span>, Sv. II. (P-Z), Praha, Praha: Karolinum, 1996. E. Dougherty, „The","timestamp":"2020-06-07T20:27:16Z"},{"ns":0,"title":"Hawthornský efekt","pageid":827827,"size":9149,"wordcount":1052,"snippet":" vyd. Pardubice : Univerzita Pardubice, 2010. 89 s. ISBN 978-80-7395-315-7. S. 35. LINHART, Jiří. <span class=\"searchmatch\">Velký<\/span> <span class=\"searchmatch\">sociologický<\/span> <span class=\"searchmatch\">slovník<\/span>. Praha: Karolinum, 1996.","timestamp":"2020-06-06T15:32:11Z"},{"ns":0,"title":"Internalizace","pageid":430527,"size":10822,"wordcount":1184,"snippet":"- 127.  MAŘÍKOVÁ, Hana; PETRUSEK, Miloslav; VODÁKOVÁ, Alena. <span class=\"searchmatch\">Velký<\/span> <span class=\"searchmatch\">sociologický<\/span> <span class=\"searchmatch\">slovník<\/span>. Praha: nakladatelství Karolinum, 1996. ISBN 80-7184-164-1. Všeobecná","timestamp":"2020-06-13T12:43:37Z"},{"ns":0,"title":"Masová kultura","pageid":319841,"size":11961,"wordcount":1347,"snippet":"Slovník mediální komunikace. Praha: Portál, 2004. Kol. autorů: <span class=\"searchmatch\">Velký<\/span> <span class=\"searchmatch\">sociologický<\/span> <span class=\"searchmatch\">slovník<\/span>. Praha: Karolinum, 1996. Beauvoir, Simone: Druhé pohlaví. Praha:","timestamp":"2020-06-07T11:05:23Z"},{"ns":0,"title":"Sociální patologie","pageid":214732,"size":21733,"wordcount":2090,"snippet":"PETRUSEK, M., VODÁKOVÁ, A., MAŘÍKOVÁ, HANA, J.; PETRUSEK, M. <span class=\"searchmatch\">Velký<\/span> <span class=\"searchmatch\">sociologický<\/span> <span class=\"searchmatch\">slovník<\/span>. Praha: Karolinum, 1996. ISBN 80-7184-310-5.  FISHER, Slavomil;","timestamp":"2020-07-23T01:50:49Z"},{"ns":0,"title":"Třídní vědomí","pageid":1452411,"size":9729,"wordcount":1040,"snippet":"společnosti. LINHART, Jiří; VODÁKOVÁ, Alena; PETRUSEK, Miloslav. <span class=\"searchmatch\">Velký<\/span> <span class=\"searchmatch\">sociologický<\/span> <span class=\"searchmatch\">slovník<\/span> / 2 P - Ž. In: Praha: Univ. Karlova, Vyd. Karolinum, 1996. ISBN","timestamp":"2020-06-08T11:24:47Z"},{"ns":0,"title":"Ritualismus","pageid":1048237,"size":9113,"wordcount":1053,"snippet":" 146-147.  LINHART, Jiří, Alena VODÁKOVÁ a Miloslav PETRUSEK. <span class=\"searchmatch\">Velký<\/span> <span class=\"searchmatch\">sociologický<\/span> <span class=\"searchmatch\">slovník<\/span>. 1. vyd. Praha: Karolinum, 1996, 2 sv. ISBN 80-7184-311-3. s.","timestamp":"2020-06-24T11:12:05Z"},{"ns":0,"title":"Konverzační analýza","pageid":1050150,"size":9672,"wordcount":1081,"snippet":"Conversation. Oxford: Basil Blackwell Petrusek a kol.,(1996), <span class=\"searchmatch\">Velký<\/span> <span class=\"searchmatch\">sociologický<\/span> <span class=\"searchmatch\">slovník<\/span>, I, II, Praha: Karolinum – str. 284 The University of Sheffield","timestamp":"2019-11-28T22:14:33Z"},{"ns":0,"title":"Kulturní kapitál","pageid":43051,"size":20042,"wordcount":1928,"snippet":"Association, 1988. Dostupné online. (anglicky)  PETRUSEK A OL. <span class=\"searchmatch\">Velký<\/span> <span class=\"searchmatch\">sociologický<\/span> <span class=\"searchmatch\">slovník<\/span> I.. Praha: Karolinum, 1996. Dostupné online. ISBN 80-6184-164-1","timestamp":"2020-06-24T10:58:49Z"},{"ns":0,"title":"Kapitál (sociologie)","pageid":982537,"size":10198,"wordcount":1020,"snippet":"ochranu proti ztrátám z transakce či investice. PETRUSEK, Miloslav. <span class=\"searchmatch\">Velký<\/span> <span class=\"searchmatch\">sociologický<\/span> <span class=\"searchmatch\">slovník<\/span>. 1.. vyd. Svazek 1.. Praha: Karolinum, 1996. Dostupné online.","timestamp":"2020-06-24T11:10:20Z"},{"ns":0,"title":"Meritokracie","pageid":25667,"size":19937,"wordcount":1998,"snippet":"článku Meritocracy na anglické Wikipedii. PETRUSEK, Miloslav. <span class=\"searchmatch\">Velký<\/span> <span class=\"searchmatch\">sociologický<\/span> <span class=\"searchmatch\">slovník<\/span>. Praha: Karolinum, 1996. ISBN 80-7184-164-1. S. 747. (česky) ","timestamp":"2020-02-12T15:35:14Z"},{"ns":0,"title":"Kódování (sociologie)","pageid":1247547,"size":8747,"wordcount":966,"snippet":"141291146X. MAŘÍKOVÁ, Hana; PETRUSEK, Miloslav; VODÁKOVÁ, Alena. <span class=\"searchmatch\">Velký<\/span> <span class=\"searchmatch\">sociologický<\/span> <span class=\"searchmatch\">slovník<\/span>. 1. vyd. Praha: Karolinum, 1996. 747 s. ISBN 80-7184-164-1.  HENDL","timestamp":"2020-06-05T14:03:20Z"},{"ns":0,"title":"Funkce a dysfunkce","pageid":1247700,"size":9302,"wordcount":1078,"snippet":"Slovník sociologických pojmů:610 hesel. Praha: Grada, 2012 Petrusek, M. (red.). <span class=\"searchmatch\">Velký<\/span> <span class=\"searchmatch\">sociologický<\/span> <span class=\"searchmatch\">slovník<\/span>. Praha: Karolinum 1998. Portály: Sociologie","timestamp":"2020-02-28T18:32:42Z"},{"ns":0,"title":"Thomasův teorém","pageid":150617,"size":11810,"wordcount":1279,"snippet":"ISBN 978-80-86429-70-0. S. 196-200.  LINHART, J.; PETRUSEK, M. <span class=\"searchmatch\">Velký<\/span> <span class=\"searchmatch\">sociologický<\/span> <span class=\"searchmatch\">slovník<\/span>. Praha: Karolinum, 1996. 749 s. ISBN 80-7184-310-5.  RABUŠIC,","timestamp":"2019-09-08T13:53:36Z"},{"ns":0,"title":"Politická komunikace","pageid":1537668,"size":6468,"wordcount":595,"snippet":"9788024735368 PETRUSEK, Miloslav, Hana MAŘÍKOVÁ a Alena VODÁKOVÁ. <span class=\"searchmatch\">Velký<\/span> <span class=\"searchmatch\">sociologický<\/span> <span class=\"searchmatch\">slovník<\/span>. Praha: Karolinum, 1996. ISBN 8071843113 What is Political Communication","timestamp":"2020-06-05T15:42:13Z"},{"ns":0,"title":"Artefakt (sociologie)","pageid":1052032,"size":9209,"wordcount":1069,"snippet":"slovník. Vyd. 2. Praha: Portál, 2009, 774. ISBN 978-807-3675-691. <span class=\"searchmatch\">Velký<\/span> <span class=\"searchmatch\">sociologický<\/span> <span class=\"searchmatch\">slovník<\/span>: I. svazek. 1. vyd. Praha: Univerzita Karlova, 1996, s. 749-1627","timestamp":"2020-06-05T14:06:06Z"},{"ns":0,"title":"Feminizace chudoby","pageid":975564,"size":7357,"wordcount":775,"snippet":" s., 2011. 18 s. Dostupné online. S. 4.  PETRUSEK, Miloslav. <span class=\"searchmatch\">Velký<\/span> <span class=\"searchmatch\">sociologický<\/span> <span class=\"searchmatch\">slovník<\/span>. Praha: Karolinum, 1996.  GIDDENS, Anthony. Sociologie. Praha:","timestamp":"2016-03-23T23:40:24Z"},{"ns":0,"title":"Sociální síť (sociologie)","pageid":1132535,"size":12990,"wordcount":1479,"snippet":"2009. Studie. ISBN 9788074190025. PETRUSEK, Miloslav (red.), <span class=\"searchmatch\">Velký<\/span> <span class=\"searchmatch\">sociologický<\/span> <span class=\"searchmatch\">slovník<\/span>, heslo Sítě sociální. Praha: Karolinum 1998. Str. 986. GRANOVETTER","timestamp":"2020-06-08T10:18:15Z"},{"ns":0,"title":"Homogamie (sociologie)","pageid":1343307,"size":7106,"wordcount":857,"snippet":"o velikosti sídla, z kterého manželé pochází. Petrusek a kol.,<span class=\"searchmatch\">Velký<\/span> <span class=\"searchmatch\">sociologický<\/span> <span class=\"searchmatch\">slovník<\/span>, I, II, Karolinum (1996), s.383. Paleček, A.,„Individuální, sociální","timestamp":"2020-05-31T13:13:47Z"},{"ns":0,"title":"Studie Marienthal","pageid":1247257,"size":9830,"wordcount":998,"snippet":"0038-0288.  LINHART, Jiří; VODÁKOVÁ, Alena; PETRUSEK, Miloslav. <span class=\"searchmatch\">Velký<\/span> <span class=\"searchmatch\">sociologický<\/span> <span class=\"searchmatch\">slovník<\/span>. Praha: Karolinum, 1996. 182 s. ISBN 80-7184-311-3.  Obrázky,","timestamp":"2017-11-30T19:35:18Z"},{"ns":0,"title":"Herbert Blumer","pageid":145489,"size":18780,"wordcount":2029,"snippet":"0520056760. LINHART, Jiří, Alena VODÁKOVÁ a Miloslav PETRUSEK. <span class=\"searchmatch\">Velký<\/span> <span class=\"searchmatch\">sociologický<\/span> <span class=\"searchmatch\">slovník<\/span>. Praha: Karolinum, 1996. ISBN 8071843113. Baum, Detlef et al.","timestamp":"2020-06-05T23:15:43Z"},{"ns":0,"title":"Postmaterialismus","pageid":1154980,"size":7402,"wordcount":806,"snippet":"Linhart, J., Petrusek, M., Vodáková, A., Maříková, Hana. 1996. <span class=\"searchmatch\">Velký<\/span> <span class=\"searchmatch\">sociologický<\/span> <span class=\"searchmatch\">slovník<\/span>, str.165. http://sreview.soc.cas.cz/uploads/8e9c5afe3df7e7feb","timestamp":"2020-01-04T22:00:52Z"},{"ns":0,"title":"Sociolingvistika","pageid":753900,"size":42807,"wordcount":4946,"snippet":"sociolingvistice.“ Naše řeč 67 (1): 51–55. Petrusek, M. (red.). 1996. <span class=\"searchmatch\">Velký<\/span> <span class=\"searchmatch\">sociologický<\/span> <span class=\"searchmatch\">slovník<\/span>. Praha: Karolinum, heslo Sociolingvistika Wilson, James. 2009","timestamp":"2019-11-29T00:30:18Z"},{"ns":0,"title":"Sociální inženýrství (společenská věda)","pageid":1049598,"size":8603,"wordcount":1003,"snippet":"Linhart, J., Petrusek, M., Vodáková, A., Maříková, Hana. 1996. <span class=\"searchmatch\">Velký<\/span> <span class=\"searchmatch\">sociologický<\/span> <span class=\"searchmatch\">slovník<\/span>. Praha: Karolinum. ISBN 80-7184-310-5. S. 454 The American Journal","timestamp":"2020-06-08T10:18:07Z"},{"ns":0,"title":"Nehodnotící sociologie","pageid":1343563,"size":6562,"wordcount":586,"snippet":"praktická doporučení, která jsou skutečně společnosti prospěšná. <span class=\"searchmatch\">Velký<\/span> <span class=\"searchmatch\">sociologický<\/span> <span class=\"searchmatch\">slovník<\/span>. Praha: Karolinum, 1996. ISBN 80-7184-164-1.  KELLER, Jan. Úvod","timestamp":"2019-07-03T19:50:46Z"},{"ns":0,"title":"Nezamýšlené důsledky lidského jednání","pageid":1154692,"size":11560,"wordcount":1380,"snippet":"Argo, 2013, 1049 s. ISBN 978-80-257-0807-1 PETRUSEK, Miloslav. <span class=\"searchmatch\">Velký<\/span> <span class=\"searchmatch\">sociologický<\/span> <span class=\"searchmatch\">slovník<\/span>. Vyd. 1. Praha: Karolinum, 1996, S. 749–1627. ISBN 80-7184-310-5","timestamp":"2020-06-07T15:50:01Z"},{"ns":0,"title":"Černá skříňka (sociologie)","pageid":1154745,"size":10586,"wordcount":1193,"snippet":"určité míry spokojen nebo nespokojen - ponákupní chování (fáze 5). <span class=\"searchmatch\">Velký<\/span> <span class=\"searchmatch\">sociologický<\/span> <span class=\"searchmatch\">slovník<\/span>. Vyd. 1. Praha: Karolinum, 1996, 747 s. ISBN 80-7184-311-3 JANDOUREK","timestamp":"2020-06-06T03:32:19Z"},{"ns":0,"title":"Teorie strukturace","pageid":1159172,"size":15089,"wordcount":1584,"snippet":" 138-177.  LINHART, Jiří; VODÁKOVÁ, Alena, PETRUSEK Miloslav. <span class=\"searchmatch\">Velký<\/span> <span class=\"searchmatch\">sociologický<\/span> <span class=\"searchmatch\">slovník<\/span>. 1. vyd. Praha: Karolinum, 1996. 2 svazky. S. 1239-1241.  GIDDENS","timestamp":"2019-12-22T17:50:41Z"},{"ns":0,"title":"Panelové šetření","pageid":1157404,"size":11214,"wordcount":1305,"snippet":"Cambridge: Cambridge University Press, 2004.  BURIÁNEK, Jan. <span class=\"searchmatch\">Velký<\/span> <span class=\"searchmatch\">sociologický<\/span> <span class=\"searchmatch\">slovník<\/span>. Praha: Karolinum. 1996.  LECHNEROVÁ, Zdeňka. Charakteristika","timestamp":"2020-06-07T18:44:43Z"},{"ns":0,"title":"Primární skupina","pageid":70286,"size":12643,"wordcount":1577,"snippet":"2000. 596 s. ISBN 80-7203-124-4. S. od 39.  Kol. autorů (1996): <span class=\"searchmatch\">Velký<\/span> <span class=\"searchmatch\">sociologický<\/span> <span class=\"searchmatch\">slovník<\/span>. Karolinum, Praha ISBN 80-718-4310-5 Buriánek, J (2008): Sociologie","timestamp":"2020-06-07T21:27:06Z"},{"ns":0,"title":"Paul von Lilienfeld","pageid":1343488,"size":6643,"wordcount":644,"snippet":"nakladatelství, 2005. ISBN 80-86429-52-0. S. 169.  PETRUSEK A KOL. <span class=\"searchmatch\">Velký<\/span> <span class=\"searchmatch\">sociologický<\/span> <span class=\"searchmatch\">slovník<\/span>. Praha: Karolinum, 1996. ISBN 80-7184-164-1. S. 130.  Autoritní","timestamp":"2020-07-13T02:23:44Z"},{"ns":0,"title":"Jednání logické a mimologické","pageid":1247583,"size":8337,"wordcount":895,"snippet":"Dostupné online.  Keller (2005), s. 304. PETRUSEK, Miloslav. <span class=\"searchmatch\">Velký<\/span> <span class=\"searchmatch\">sociologický<\/span> <span class=\"searchmatch\">slovník<\/span>. Praha: Karolinum, 1996. ISBN 80-718-4310-5. KELLER, Jan. Logické","timestamp":"2020-06-05T16:11:27Z"},{"ns":0,"title":"Sociologie jazyka","pageid":57121,"size":20857,"wordcount":2325,"snippet":"předurčují určitý výběr interpretace reality). Pro shrnutí citujme <span class=\"searchmatch\">Velký<\/span> <span class=\"searchmatch\">sociologický<\/span> <span class=\"searchmatch\">slovník<\/span>, z hesla jazyk: „Jazyk je nástrojem pozorování, reagování, sebevyjadřování","timestamp":"2018-12-07T01:21:20Z"},{"ns":0,"title":"Organická a mechanická solidarita","pageid":1252321,"size":12234,"wordcount":1174,"snippet":"cizích slov (Praha: Academia, 2006). Petrusek Miloslav a kol., <span class=\"searchmatch\">Velký<\/span> <span class=\"searchmatch\">sociologický<\/span> <span class=\"searchmatch\">slovník<\/span> (Praha: Karolinum, 1996). Giddens Anthony, Sutton Philip W., Sociologie","timestamp":"2018-12-02T22:01:57Z"},{"ns":0,"title":"Tomáš Čep","pageid":1541745,"size":10746,"wordcount":1063,"snippet":"online.  Miloslav PETRUSEK, Hana MAŘÍKOVÁ a Alena VODÁKOVÁ, „<span class=\"searchmatch\">Velký<\/span> <span class=\"searchmatch\">sociologický<\/span> <span class=\"searchmatch\">slovník<\/span>.“ Praha: Karolinum, 1996. Lubomír SLEZÁK, „Agrární sociolog Tomáš","timestamp":"2020-07-08T17:13:49Z"},{"ns":0,"title":"Komunikace v kyberprostoru","pageid":1154104,"size":16782,"wordcount":1671,"snippet":"978-80-247-4577-0. MAŘÍKOVÁ, Hana, Miroslav PETRUSEK a Alena VODÁKOVÁ. <span class=\"searchmatch\">Velký<\/span> <span class=\"searchmatch\">sociologický<\/span> <span class=\"searchmatch\">slovník<\/span>, 1. svazek. Praha: Karolinum Praha, 1996. ISBN 80-7184-164-1.","timestamp":"2020-02-26T11:05:44Z"},{"ns":0,"title":"Totální instituce","pageid":830664,"size":19079,"wordcount":2296,"snippet":"Karolinum, 2004. 134 s. ISBN 80-246-0279-2 VODÁKOVÁ, A., PETRUSEK, M. <span class=\"searchmatch\">Velký<\/span> <span class=\"searchmatch\">sociologický<\/span> <span class=\"searchmatch\">slovník<\/span> I. Praha: Karolinum 1996 ISBN 80-7184-164-1 Erving Goffman Stigma","timestamp":"2020-07-26T20:22:34Z"},{"ns":0,"title":"Sociologie konfliktu","pageid":313649,"size":28465,"wordcount":3105,"snippet":"sociální aktéři usilují, a odlišnosti hodnot, které vyznávají.“ (<span class=\"searchmatch\">Velký<\/span> <span class=\"searchmatch\">sociologický<\/span> <span class=\"searchmatch\">slovník<\/span>, 1996:520 cit. in Znebejánek 2015: 15) Sociologové v průběhu dějin","timestamp":"2020-06-08T10:18:32Z"},{"ns":0,"title":"Average Joe","pageid":1247325,"size":17999,"wordcount":2191,"snippet":" (Studijní texty; sv. 32) ISBN 80-86429-34-2 PETRUSEK a kol. <span class=\"searchmatch\">Velký<\/span> <span class=\"searchmatch\">sociologický<\/span> <span class=\"searchmatch\">slovník<\/span>, Karolinum 1996 EKNOYAN, Garabed, Adolphe Quetelet (1796–1874)—the","timestamp":"2020-06-05T14:59:36Z"},{"ns":0,"title":"Sociologie práva","pageid":1343614,"size":29035,"wordcount":3167,"snippet":"2011. ISBN 978-80-7380-321-6. Miloslav Petrusek, Alena Vodáková, <span class=\"searchmatch\">Velký<\/span> <span class=\"searchmatch\">sociologický<\/span> <span class=\"searchmatch\">slovník<\/span>, Svazek 2. Praha: Karolinum. 1996. Společenská smlouva Niklas","timestamp":"2020-06-08T10:18:34Z"},{"ns":0,"title":"Homofilie","pageid":1541149,"size":28559,"wordcount":2978,"snippet":"Evropě. www.004.cz [online]. [cit. 2019-12-19]. Dostupné online.  <span class=\"searchmatch\">Velký<\/span> <span class=\"searchmatch\">sociologický<\/span> <span class=\"searchmatch\">slovník<\/span>, svazek 1 - PDF Free Download. epdf.pub [online]. [cit. 2019-11-28]","timestamp":"2020-06-20T15:47:31Z"}]}}
